/*
 Navicat Premium Dump SQL

 Source Server         : 123
 Source Server Type    : MySQL
 Source Server Version : 80039 (8.0.39)
 Source Host           : localhost:3306
 Source Schema         : icdds_db

 Target Server Type    : MySQL
 Target Server Version : 80039 (8.0.39)
 File Encoding         : 65001

 Date: 13/12/2025 17:31:51
*/

SET NAMES utf8mb4;
SET FOREIGN_KEY_CHECKS = 0;

-- ----------------------------
-- Table structure for base_goods
-- ----------------------------
DROP TABLE IF EXISTS `base_goods`;
CREATE TABLE `base_goods` (
  `id` bigint NOT NULL AUTO_INCREMENT COMMENT '主键',
  `goods_no` varchar(50) NOT NULL COMMENT '货物编号',
  `name` varchar(100) NOT NULL COMMENT '货物名称',
  `type_id` bigint NOT NULL COMMENT '货物类型ID',
  `image_url` varchar(255) DEFAULT NULL COMMENT '图片URL',
  `unit` varchar(20) DEFAULT '件' COMMENT '单位',
  `weight` decimal(10,2) DEFAULT NULL COMMENT '重量(kg)',
  `volume` decimal(10,4) DEFAULT NULL COMMENT '体积(m³)',
  `value` decimal(12,2) DEFAULT NULL COMMENT '价值(元)',
  `manufacturer` varchar(100) DEFAULT NULL COMMENT '生产厂家',
  `specifications` varchar(255) DEFAULT NULL COMMENT '规格型号',
  `description` text COMMENT '描述',
  `is_deleted` tinyint DEFAULT '0' COMMENT '是否删除',
  `created_by` bigint DEFAULT NULL COMMENT '创建人ID',
  `created_at` datetime DEFAULT CURRENT_TIMESTAMP COMMENT '创建时间',
  `updated_at` datetime DEFAULT CURRENT_TIMESTAMP ON UPDATE CURRENT_TIMESTAMP COMMENT '更新时间',
  `stock` int DEFAULT '0' COMMENT '库存数量',
  PRIMARY KEY (`id`),
  UNIQUE KEY `goods_no` (`goods_no`),
  KEY `fk_goods_type` (`type_id`),
  CONSTRAINT `fk_goods_type` FOREIGN KEY (`type_id`) REFERENCES `base_goods_types` (`id`)
) ENGINE=InnoDB AUTO_INCREMENT=51 DEFAULT CHARSET=utf8mb4 COLLATE=utf8mb4_0900_ai_ci COMMENT='货物基础信息表：存储货物核心信息（名称、规格、重量等），是货物相关业务基础';

-- ----------------------------
-- Records of base_goods
-- ----------------------------
BEGIN;
INSERT INTO `base_goods` (`id`, `goods_no`, `name`, `type_id`, `image_url`, `unit`, `weight`, `volume`, `value`, `manufacturer`, `specifications`, `description`, `is_deleted`, `created_by`, `created_at`, `updated_at`, `stock`) VALUES (1, 'G20250001', '阿迪达斯外套_902', 4, NULL, '台', 46.65, NULL, 8376.57, '比亚迪', '规格1型', NULL, 0, 1, '2025-12-03 15:23:34', '2025-12-08 14:13:25', 100);
INSERT INTO `base_goods` (`id`, `goods_no`, `name`, `type_id`, `image_url`, `unit`, `weight`, `volume`, `value`, `manufacturer`, `specifications`, `description`, `is_deleted`, `created_by`, `created_at`, `updated_at`, `stock`) VALUES (2, 'G20250002', '瓷砖_243', 5, NULL, '台', 27.25, NULL, 9655.62, '格力电器', '规格10型', NULL, 0, 1, '2025-12-03 15:23:34', '2025-12-08 14:13:25', 100);
INSERT INTO `base_goods` (`id`, `goods_no`, `name`, `type_id`, `image_url`, `unit`, `weight`, `volume`, `value`, `manufacturer`, `specifications`, `description`, `is_deleted`, `created_by`, `created_at`, `updated_at`, `stock`) VALUES (3, 'G20250003', '新秀丽拉杆箱_511', 4, NULL, '台', 0.62, NULL, 9124.92, '中粮集团', '规格5型', NULL, 0, 1, '2025-12-03 15:23:34', '2025-12-08 14:13:25', 100);
INSERT INTO `base_goods` (`id`, `goods_no`, `name`, `type_id`, `image_url`, `unit`, `weight`, `volume`, `value`, `manufacturer`, `specifications`, `description`, `is_deleted`, `created_by`, `created_at`, `updated_at`, `stock`) VALUES (4, 'G20250004', '安踏运动裤_166', 4, NULL, '箱', 43.88, NULL, 6404.74, '联想集团', '规格2型', NULL, 0, 1, '2025-12-03 15:23:34', '2025-12-08 14:13:25', 100);
INSERT INTO `base_goods` (`id`, `goods_no`, `name`, `type_id`, `image_url`, `unit`, `weight`, `volume`, `value`, `manufacturer`, `specifications`, `description`, `is_deleted`, `created_by`, `created_at`, `updated_at`, `stock`) VALUES (5, 'G20250005', '全棉四件套_817', 2, NULL, '台', 38.90, NULL, 5685.82, '宁德时代', '规格7型', NULL, 0, 1, '2025-12-03 15:23:34', '2025-12-08 14:13:25', 100);
INSERT INTO `base_goods` (`id`, `goods_no`, `name`, `type_id`, `image_url`, `unit`, `weight`, `volume`, `value`, `manufacturer`, `specifications`, `description`, `is_deleted`, `created_by`, `created_at`, `updated_at`, `stock`) VALUES (6, 'G20250006', '戴尔XPS 13_608', 1, NULL, '台', 7.50, NULL, 8128.17, '比亚迪', '规格10型', NULL, 0, 1, '2025-12-03 15:23:34', '2025-12-08 14:13:25', 100);
INSERT INTO `base_goods` (`id`, `goods_no`, `name`, `type_id`, `image_url`, `unit`, `weight`, `volume`, `value`, `manufacturer`, `specifications`, `description`, `is_deleted`, `created_by`, `created_at`, `updated_at`, `stock`) VALUES (7, 'G20250007', '安踏运动裤_346', 4, NULL, '套', 37.01, NULL, 5726.44, '贵州茅台', '规格7型', NULL, 0, 1, '2025-12-03 15:23:34', '2025-12-08 14:13:25', 100);
INSERT INTO `base_goods` (`id`, `goods_no`, `name`, `type_id`, `image_url`, `unit`, `weight`, `volume`, `value`, `manufacturer`, `specifications`, `description`, `is_deleted`, `created_by`, `created_at`, `updated_at`, `stock`) VALUES (8, 'G20250008', '真皮沙发_310', 2, NULL, '台', 47.82, NULL, 9752.67, '宁德时代', '规格1型', NULL, 0, 1, '2025-12-03 15:23:34', '2025-12-08 14:13:25', 100);
INSERT INTO `base_goods` (`id`, `goods_no`, `name`, `type_id`, `image_url`, `unit`, `weight`, `volume`, `value`, `manufacturer`, `specifications`, `description`, `is_deleted`, `created_by`, `created_at`, `updated_at`, `stock`) VALUES (9, 'G20250009', '联想ThinkPad X1_467', 1, NULL, '件', 1.75, NULL, 5652.14, '联想集团', '规格7型', NULL, 0, 1, '2025-12-03 15:23:34', '2025-12-08 14:13:25', 100);
INSERT INTO `base_goods` (`id`, `goods_no`, `name`, `type_id`, `image_url`, `unit`, `weight`, `volume`, `value`, `manufacturer`, `specifications`, `description`, `is_deleted`, `created_by`, `created_at`, `updated_at`, `stock`) VALUES (10, 'G20250010', '真皮沙发_577', 2, NULL, '套', 22.42, NULL, 1540.25, '小米科技', '规格6型', NULL, 0, 1, '2025-12-03 15:23:34', '2025-12-08 14:13:25', 100);
INSERT INTO `base_goods` (`id`, `goods_no`, `name`, `type_id`, `image_url`, `unit`, `weight`, `volume`, `value`, `manufacturer`, `specifications`, `description`, `is_deleted`, `created_by`, `created_at`, `updated_at`, `stock`) VALUES (11, 'G20250011', '苹果iPhone 15_346', 1, NULL, '个', 39.56, NULL, 4747.58, '海尔智家', '规格4型', NULL, 0, 1, '2025-12-03 15:23:34', '2025-12-08 14:13:25', 100);
INSERT INTO `base_goods` (`id`, `goods_no`, `name`, `type_id`, `image_url`, `unit`, `weight`, `volume`, `value`, `manufacturer`, `specifications`, `description`, `is_deleted`, `created_by`, `created_at`, `updated_at`, `stock`) VALUES (12, 'G20250012', '小米电饭煲_656', 2, NULL, '台', 16.53, NULL, 6540.80, '华为技术有限公司', '规格10型', NULL, 0, 1, '2025-12-03 15:23:34', '2025-12-08 14:13:25', 100);
INSERT INTO `base_goods` (`id`, `goods_no`, `name`, `type_id`, `image_url`, `unit`, `weight`, `volume`, `value`, `manufacturer`, `specifications`, `description`, `is_deleted`, `created_by`, `created_at`, `updated_at`, `stock`) VALUES (13, 'G20250013', '东阿阿胶_960', 3, NULL, '箱', 23.86, NULL, 6718.25, '贵州茅台', '规格5型', NULL, 0, 1, '2025-12-03 15:23:34', '2025-12-08 14:13:25', 100);
INSERT INTO `base_goods` (`id`, `goods_no`, `name`, `type_id`, `image_url`, `unit`, `weight`, `volume`, `value`, `manufacturer`, `specifications`, `description`, `is_deleted`, `created_by`, `created_at`, `updated_at`, `stock`) VALUES (14, 'G20250014', '金龙鱼食用油_930', 3, NULL, '套', 31.40, NULL, 6335.44, '贵州茅台', '规格2型', NULL, 0, 1, '2025-12-03 15:23:34', '2025-12-08 14:13:25', 100);
INSERT INTO `base_goods` (`id`, `goods_no`, `name`, `type_id`, `image_url`, `unit`, `weight`, `volume`, `value`, `manufacturer`, `specifications`, `description`, `is_deleted`, `created_by`, `created_at`, `updated_at`, `stock`) VALUES (15, 'G20250015', 'Switch OLED_991', 1, NULL, '台', 21.69, NULL, 5737.47, '华为技术有限公司', '规格3型', NULL, 0, 1, '2025-12-03 15:23:34', '2025-12-08 14:13:25', 100);
INSERT INTO `base_goods` (`id`, `goods_no`, `name`, `type_id`, `image_url`, `unit`, `weight`, `volume`, `value`, `manufacturer`, `specifications`, `description`, `is_deleted`, `created_by`, `created_at`, `updated_at`, `stock`) VALUES (16, 'G20250016', '联想ThinkPad X1_570', 1, NULL, '个', 39.32, NULL, 4419.28, '美的集团', '规格4型', NULL, 0, 1, '2025-12-03 15:23:34', '2025-12-08 14:13:25', 100);
INSERT INTO `base_goods` (`id`, `goods_no`, `name`, `type_id`, `image_url`, `unit`, `weight`, `volume`, `value`, `manufacturer`, `specifications`, `description`, `is_deleted`, `created_by`, `created_at`, `updated_at`, `stock`) VALUES (17, 'G20250017', '优衣库羽绒服_145', 4, NULL, '件', 7.58, NULL, 5213.46, '格力电器', '规格7型', NULL, 0, 1, '2025-12-03 15:23:34', '2025-12-08 14:13:25', 100);
INSERT INTO `base_goods` (`id`, `goods_no`, `name`, `type_id`, `image_url`, `unit`, `weight`, `volume`, `value`, `manufacturer`, `specifications`, `description`, `is_deleted`, `created_by`, `created_at`, `updated_at`, `stock`) VALUES (18, 'G20250018', '人体工学椅_389', 2, NULL, '件', 26.01, NULL, 2960.59, '中粮集团', '规格1型', NULL, 0, 1, '2025-12-03 15:23:34', '2025-12-08 14:13:25', 100);
INSERT INTO `base_goods` (`id`, `goods_no`, `name`, `type_id`, `image_url`, `unit`, `weight`, `volume`, `value`, `manufacturer`, `specifications`, `description`, `is_deleted`, `created_by`, `created_at`, `updated_at`, `stock`) VALUES (19, 'G20250019', '李宁篮球鞋_533', 4, NULL, '个', 12.95, NULL, 682.50, '美的集团', '规格1型', NULL, 0, 1, '2025-12-03 15:23:34', '2025-12-08 14:13:25', 100);
INSERT INTO `base_goods` (`id`, `goods_no`, `name`, `type_id`, `image_url`, `unit`, `weight`, `volume`, `value`, `manufacturer`, `specifications`, `description`, `is_deleted`, `created_by`, `created_at`, `updated_at`, `stock`) VALUES (20, 'G20250020', '断桥铝窗_377', 5, NULL, '件', 43.09, NULL, 8716.74, '华为技术有限公司', '规格9型', NULL, 0, 1, '2025-12-03 15:23:34', '2025-12-08 14:13:25', 100);
INSERT INTO `base_goods` (`id`, `goods_no`, `name`, `type_id`, `image_url`, `unit`, `weight`, `volume`, `value`, `manufacturer`, `specifications`, `description`, `is_deleted`, `created_by`, `created_at`, `updated_at`, `stock`) VALUES (21, 'G20250021', '小米14 Ultra_202', 1, NULL, '个', 18.47, NULL, 7635.50, '比亚迪', '规格9型', NULL, 0, 1, '2025-12-03 15:23:34', '2025-12-08 14:13:25', 100);
INSERT INTO `base_goods` (`id`, `goods_no`, `name`, `type_id`, `image_url`, `unit`, `weight`, `volume`, `value`, `manufacturer`, `specifications`, `description`, `is_deleted`, `created_by`, `created_at`, `updated_at`, `stock`) VALUES (22, 'G20250022', '耐克运动鞋_544', 4, NULL, '箱', 42.69, NULL, 1280.61, '贵州茅台', '规格6型', NULL, 0, 1, '2025-12-03 15:23:34', '2025-12-08 14:13:25', 100);
INSERT INTO `base_goods` (`id`, `goods_no`, `name`, `type_id`, `image_url`, `unit`, `weight`, `volume`, `value`, `manufacturer`, `specifications`, `description`, `is_deleted`, `created_by`, `created_at`, `updated_at`, `stock`) VALUES (23, 'G20250023', '罗技MX Master 3_946', 1, NULL, '件', 6.63, NULL, 5501.99, '格力电器', '规格1型', NULL, 0, 1, '2025-12-03 15:23:34', '2025-12-08 14:13:25', 100);
INSERT INTO `base_goods` (`id`, `goods_no`, `name`, `type_id`, `image_url`, `unit`, `weight`, `volume`, `value`, `manufacturer`, `specifications`, `description`, `is_deleted`, `created_by`, `created_at`, `updated_at`, `stock`) VALUES (24, 'G20250024', '扫地机器人_265', 2, NULL, '个', 19.37, NULL, 5330.22, '海尔智家', '规格10型', NULL, 0, 1, '2025-12-03 15:23:34', '2025-12-08 14:13:25', 100);
INSERT INTO `base_goods` (`id`, `goods_no`, `name`, `type_id`, `image_url`, `unit`, `weight`, `volume`, `value`, `manufacturer`, `specifications`, `description`, `is_deleted`, `created_by`, `created_at`, `updated_at`, `stock`) VALUES (25, 'G20250025', '实木餐桌_836', 2, NULL, '台', 28.46, NULL, 1475.65, '小米科技', '规格9型', NULL, 0, 1, '2025-12-03 15:23:34', '2025-12-08 14:13:25', 100);
INSERT INTO `base_goods` (`id`, `goods_no`, `name`, `type_id`, `image_url`, `unit`, `weight`, `volume`, `value`, `manufacturer`, `specifications`, `description`, `is_deleted`, `created_by`, `created_at`, `updated_at`, `stock`) VALUES (26, 'G20250026', '实木餐桌_632', 2, NULL, '个', 10.48, NULL, 2985.34, '宁德时代', '规格1型', NULL, 0, 1, '2025-12-03 15:23:34', '2025-12-08 14:13:25', 100);
INSERT INTO `base_goods` (`id`, `goods_no`, `name`, `type_id`, `image_url`, `unit`, `weight`, `volume`, `value`, `manufacturer`, `specifications`, `description`, `is_deleted`, `created_by`, `created_at`, `updated_at`, `stock`) VALUES (27, 'G20250027', '索尼WH-1000XM5_466', 1, NULL, '个', 33.38, NULL, 6590.07, '小米科技', '规格5型', NULL, 0, 1, '2025-12-03 15:23:34', '2025-12-08 14:13:25', 100);
INSERT INTO `base_goods` (`id`, `goods_no`, `name`, `type_id`, `image_url`, `unit`, `weight`, `volume`, `value`, `manufacturer`, `specifications`, `description`, `is_deleted`, `created_by`, `created_at`, `updated_at`, `stock`) VALUES (28, 'G20250028', '实木地板_506', 5, NULL, '箱', 6.33, NULL, 5968.52, '华为技术有限公司', '规格9型', NULL, 0, 1, '2025-12-03 15:23:34', '2025-12-08 14:13:25', 100);
INSERT INTO `base_goods` (`id`, `goods_no`, `name`, `type_id`, `image_url`, `unit`, `weight`, `volume`, `value`, `manufacturer`, `specifications`, `description`, `is_deleted`, `created_by`, `created_at`, `updated_at`, `stock`) VALUES (29, 'G20250029', '阿迪达斯外套_548', 4, NULL, '个', 6.63, NULL, 4795.57, '格力电器', '规格7型', NULL, 0, 1, '2025-12-03 15:23:34', '2025-12-08 14:13:25', 100);
INSERT INTO `base_goods` (`id`, `goods_no`, `name`, `type_id`, `image_url`, `unit`, `weight`, `volume`, `value`, `manufacturer`, `specifications`, `description`, `is_deleted`, `created_by`, `created_at`, `updated_at`, `stock`) VALUES (30, 'G20250030', '阿迪达斯外套_215', 4, NULL, '台', 33.66, NULL, 328.53, '美的集团', '规格8型', NULL, 0, 1, '2025-12-03 15:23:34', '2025-12-08 14:13:25', 100);
INSERT INTO `base_goods` (`id`, `goods_no`, `name`, `type_id`, `image_url`, `unit`, `weight`, `volume`, `value`, `manufacturer`, `specifications`, `description`, `is_deleted`, `created_by`, `created_at`, `updated_at`, `stock`) VALUES (31, 'G20250031', '钢筋_258', 5, NULL, '箱', 44.89, NULL, 6824.35, '海尔智家', '规格10型', NULL, 0, 1, '2025-12-03 15:23:34', '2025-12-08 14:13:25', 100);
INSERT INTO `base_goods` (`id`, `goods_no`, `name`, `type_id`, `image_url`, `unit`, `weight`, `volume`, `value`, `manufacturer`, `specifications`, `description`, `is_deleted`, `created_by`, `created_at`, `updated_at`, `stock`) VALUES (32, 'G20250032', '新秀丽拉杆箱_380', 4, NULL, '个', 43.65, NULL, 8112.22, '比亚迪', '规格4型', NULL, 0, 1, '2025-12-03 15:23:34', '2025-12-08 14:13:25', 100);
INSERT INTO `base_goods` (`id`, `goods_no`, `name`, `type_id`, `image_url`, `unit`, `weight`, `volume`, `value`, `manufacturer`, `specifications`, `description`, `is_deleted`, `created_by`, `created_at`, `updated_at`, `stock`) VALUES (33, 'G20250033', '断桥铝窗_404', 5, NULL, '件', 42.39, NULL, 2047.03, '宁德时代', '规格9型', NULL, 0, 1, '2025-12-03 15:23:34', '2025-12-08 14:13:25', 100);
INSERT INTO `base_goods` (`id`, `goods_no`, `name`, `type_id`, `image_url`, `unit`, `weight`, `volume`, `value`, `manufacturer`, `specifications`, `description`, `is_deleted`, `created_by`, `created_at`, `updated_at`, `stock`) VALUES (34, 'G20250034', '大疆Mavic 3_929', 1, NULL, '件', 5.15, NULL, 8039.82, '格力电器', '规格2型', NULL, 0, 1, '2025-12-03 15:23:34', '2025-12-08 14:13:25', 100);
INSERT INTO `base_goods` (`id`, `goods_no`, `name`, `type_id`, `image_url`, `unit`, `weight`, `volume`, `value`, `manufacturer`, `specifications`, `description`, `is_deleted`, `created_by`, `created_at`, `updated_at`, `stock`) VALUES (35, 'G20250035', '戴森吸尘器_635', 2, NULL, '箱', 1.87, NULL, 7346.26, '联想集团', '规格1型', NULL, 0, 1, '2025-12-03 15:23:34', '2025-12-08 14:13:25', 100);
INSERT INTO `base_goods` (`id`, `goods_no`, `name`, `type_id`, `image_url`, `unit`, `weight`, `volume`, `value`, `manufacturer`, `specifications`, `description`, `is_deleted`, `created_by`, `created_at`, `updated_at`, `stock`) VALUES (36, 'G20250036', '大疆Mavic 3_387', 1, NULL, '箱', 23.86, NULL, 2090.66, '联想集团', '规格4型', NULL, 0, 1, '2025-12-03 15:23:34', '2025-12-08 14:13:25', 100);
INSERT INTO `base_goods` (`id`, `goods_no`, `name`, `type_id`, `image_url`, `unit`, `weight`, `volume`, `value`, `manufacturer`, `specifications`, `description`, `is_deleted`, `created_by`, `created_at`, `updated_at`, `stock`) VALUES (37, 'G20250037', '赣南脐橙_898', 3, NULL, '箱', 43.16, NULL, 8579.53, '中粮集团', '规格3型', NULL, 0, 1, '2025-12-03 15:23:34', '2025-12-08 14:13:25', 100);
INSERT INTO `base_goods` (`id`, `goods_no`, `name`, `type_id`, `image_url`, `unit`, `weight`, `volume`, `value`, `manufacturer`, `specifications`, `description`, `is_deleted`, `created_by`, `created_at`, `updated_at`, `stock`) VALUES (38, 'G20250038', '李宁篮球鞋_537', 4, NULL, '个', 20.73, NULL, 8399.35, '联想集团', '规格9型', NULL, 0, 1, '2025-12-03 15:23:34', '2025-12-08 14:13:25', 100);
INSERT INTO `base_goods` (`id`, `goods_no`, `name`, `type_id`, `image_url`, `unit`, `weight`, `volume`, `value`, `manufacturer`, `specifications`, `description`, `is_deleted`, `created_by`, `created_at`, `updated_at`, `stock`) VALUES (39, 'G20250039', '小米14 Ultra_839', 1, NULL, '件', 15.36, NULL, 3279.05, '宁德时代', '规格10型', NULL, 0, 1, '2025-12-03 15:23:34', '2025-12-08 14:13:25', 100);
INSERT INTO `base_goods` (`id`, `goods_no`, `name`, `type_id`, `image_url`, `unit`, `weight`, `volume`, `value`, `manufacturer`, `specifications`, `description`, `is_deleted`, `created_by`, `created_at`, `updated_at`, `stock`) VALUES (40, 'G20250040', '断桥铝窗_582', 5, NULL, '套', 17.20, NULL, 5833.26, '联想集团', '规格5型', NULL, 0, 1, '2025-12-03 15:23:34', '2025-12-08 14:13:25', 100);
INSERT INTO `base_goods` (`id`, `goods_no`, `name`, `type_id`, `image_url`, `unit`, `weight`, `volume`, `value`, `manufacturer`, `specifications`, `description`, `is_deleted`, `created_by`, `created_at`, `updated_at`, `stock`) VALUES (41, 'G20250041', '优衣库羽绒服_947', 4, NULL, '个', 41.64, NULL, 4763.78, '中粮集团', '规格3型', NULL, 0, 1, '2025-12-03 15:23:34', '2025-12-08 14:13:25', 100);
INSERT INTO `base_goods` (`id`, `goods_no`, `name`, `type_id`, `image_url`, `unit`, `weight`, `volume`, `value`, `manufacturer`, `specifications`, `description`, `is_deleted`, `created_by`, `created_at`, `updated_at`, `stock`) VALUES (42, 'G20250042', '阿迪达斯外套_632', 4, NULL, '箱', 35.14, NULL, 1753.67, '华为技术有限公司', '规格5型', NULL, 0, 1, '2025-12-03 15:23:34', '2025-12-08 14:13:25', 100);
INSERT INTO `base_goods` (`id`, `goods_no`, `name`, `type_id`, `image_url`, `unit`, `weight`, `volume`, `value`, `manufacturer`, `specifications`, `description`, `is_deleted`, `created_by`, `created_at`, `updated_at`, `stock`) VALUES (43, 'G20250043', '新秀丽拉杆箱_833', 4, NULL, '个', 14.00, NULL, 4949.90, '比亚迪', '规格2型', NULL, 0, 1, '2025-12-03 15:23:34', '2025-12-08 14:13:25', 100);
INSERT INTO `base_goods` (`id`, `goods_no`, `name`, `type_id`, `image_url`, `unit`, `weight`, `volume`, `value`, `manufacturer`, `specifications`, `description`, `is_deleted`, `created_by`, `created_at`, `updated_at`, `stock`) VALUES (44, 'G20250044', '索尼WH-1000XM5_737', 1, NULL, '个', 23.63, NULL, 6679.93, '联想集团', '规格2型', NULL, 0, 1, '2025-12-03 15:23:34', '2025-12-08 14:13:25', 100);
INSERT INTO `base_goods` (`id`, `goods_no`, `name`, `type_id`, `image_url`, `unit`, `weight`, `volume`, `value`, `manufacturer`, `specifications`, `description`, `is_deleted`, `created_by`, `created_at`, `updated_at`, `stock`) VALUES (45, 'G20250045', '实木地板_644', 5, NULL, '箱', 25.02, NULL, 5655.97, '小米科技', '规格8型', NULL, 0, 1, '2025-12-03 15:23:34', '2025-12-08 14:13:25', 100);
INSERT INTO `base_goods` (`id`, `goods_no`, `name`, `type_id`, `image_url`, `unit`, `weight`, `volume`, `value`, `manufacturer`, `specifications`, `description`, `is_deleted`, `created_by`, `created_at`, `updated_at`, `stock`) VALUES (46, 'G20250046', 'Switch OLED_644', 1, NULL, '件', 12.56, NULL, 6112.95, '比亚迪', '规格2型', NULL, 0, 1, '2025-12-03 15:23:34', '2025-12-08 14:13:25', 100);
INSERT INTO `base_goods` (`id`, `goods_no`, `name`, `type_id`, `image_url`, `unit`, `weight`, `volume`, `value`, `manufacturer`, `specifications`, `description`, `is_deleted`, `created_by`, `created_at`, `updated_at`, `stock`) VALUES (47, 'G20250047', '瓷砖_859', 5, NULL, '台', 24.73, NULL, 837.33, '小米科技', '规格9型', NULL, 0, 1, '2025-12-03 15:23:34', '2025-12-08 14:13:25', 100);
INSERT INTO `base_goods` (`id`, `goods_no`, `name`, `type_id`, `image_url`, `unit`, `weight`, `volume`, `value`, `manufacturer`, `specifications`, `description`, `is_deleted`, `created_by`, `created_at`, `updated_at`, `stock`) VALUES (48, 'G20250048', '实木餐桌_818', 2, NULL, '套', 19.03, NULL, 4455.20, '中粮集团', '规格7型', NULL, 0, 1, '2025-12-03 15:23:34', '2025-12-08 14:13:25', 100);
INSERT INTO `base_goods` (`id`, `goods_no`, `name`, `type_id`, `image_url`, `unit`, `weight`, `volume`, `value`, `manufacturer`, `specifications`, `description`, `is_deleted`, `created_by`, `created_at`, `updated_at`, `stock`) VALUES (49, 'G20250049', '大疆Mavic 3_973', 1, NULL, '套', 19.59, NULL, 8304.93, '中粮集团', '规格1型', NULL, 0, 1, '2025-12-03 15:23:34', '2025-12-08 14:13:25', 100);
INSERT INTO `base_goods` (`id`, `goods_no`, `name`, `type_id`, `image_url`, `unit`, `weight`, `volume`, `value`, `manufacturer`, `specifications`, `description`, `is_deleted`, `created_by`, `created_at`, `updated_at`, `stock`) VALUES (50, 'G20250050', '联想ThinkPad X1_737', 1, NULL, '箱', 16.20, NULL, 6771.51, '联想集团', '规格10型', NULL, 0, 1, '2025-12-03 15:23:34', '2025-12-08 14:13:25', 100);
COMMIT;

-- ----------------------------
-- Table structure for base_goods_types
-- ----------------------------
DROP TABLE IF EXISTS `base_goods_types`;
CREATE TABLE `base_goods_types` (
  `id` bigint NOT NULL AUTO_INCREMENT COMMENT '主键',
  `type_name` varchar(50) NOT NULL COMMENT '类型名称',
  `sort_order` int DEFAULT '0' COMMENT '排序',
  `created_at` datetime DEFAULT CURRENT_TIMESTAMP COMMENT '创建时间',
  `updated_at` datetime DEFAULT CURRENT_TIMESTAMP ON UPDATE CURRENT_TIMESTAMP COMMENT '更新时间',
  PRIMARY KEY (`id`)
) ENGINE=InnoDB AUTO_INCREMENT=6 DEFAULT CHARSET=utf8mb4 COLLATE=utf8mb4_0900_ai_ci COMMENT='货物类型基础表：存储货物分类数据（如易碎品、电子产品），用于货物归类';

-- ----------------------------
-- Records of base_goods_types
-- ----------------------------
BEGIN;
INSERT INTO `base_goods_types` (`id`, `type_name`, `sort_order`, `created_at`, `updated_at`) VALUES (1, '电子产品', 1, '2025-12-03 15:23:34', '2025-12-03 15:23:34');
INSERT INTO `base_goods_types` (`id`, `type_name`, `sort_order`, `created_at`, `updated_at`) VALUES (2, '家居用品', 2, '2025-12-03 15:23:34', '2025-12-03 15:23:34');
INSERT INTO `base_goods_types` (`id`, `type_name`, `sort_order`, `created_at`, `updated_at`) VALUES (3, '生鲜食品', 3, '2025-12-03 15:23:34', '2025-12-03 15:23:34');
INSERT INTO `base_goods_types` (`id`, `type_name`, `sort_order`, `created_at`, `updated_at`) VALUES (4, '服装鞋帽', 4, '2025-12-03 15:23:34', '2025-12-03 15:23:34');
INSERT INTO `base_goods_types` (`id`, `type_name`, `sort_order`, `created_at`, `updated_at`) VALUES (5, '建筑材料', 5, '2025-12-03 15:23:34', '2025-12-03 15:23:34');
COMMIT;

-- ----------------------------
-- Table structure for biz_detections
-- ----------------------------
DROP TABLE IF EXISTS `biz_detections`;
CREATE TABLE `biz_detections` (
  `id` bigint NOT NULL AUTO_INCREMENT COMMENT '主键',
  `detection_no` varchar(50) NOT NULL COMMENT '检测编号',
  `transport_id` bigint NOT NULL COMMENT '运输ID',
  `operator_id` bigint DEFAULT NULL COMMENT '操作员ID',
  `image_url` varchar(255) DEFAULT NULL COMMENT '原图',
  `processed_image_url` varchar(255) DEFAULT NULL COMMENT '处理图',
  `detection_time` datetime DEFAULT CURRENT_TIMESTAMP COMMENT '检测时间',
  `damage_level` tinyint DEFAULT '0' COMMENT '破损等级',
  `damage_area` decimal(5,2) DEFAULT '0.00' COMMENT '破损面积%',
  `confidence` decimal(5,4) DEFAULT NULL COMMENT '置信度',
  `damage_type` varchar(50) DEFAULT NULL COMMENT '破损类型',
  `damage_description` text COMMENT '描述',
  `suggestion` text COMMENT '建议',
  `status` tinyint DEFAULT '1' COMMENT '状态',
  `created_at` datetime DEFAULT CURRENT_TIMESTAMP COMMENT '创建时间',
  `updated_at` datetime DEFAULT CURRENT_TIMESTAMP ON UPDATE CURRENT_TIMESTAMP COMMENT '更新时间',
  PRIMARY KEY (`id`),
  UNIQUE KEY `detection_no` (`detection_no`),
  KEY `fk_detection_transport` (`transport_id`),
  CONSTRAINT `fk_detection_transport` FOREIGN KEY (`transport_id`) REFERENCES `biz_transports` (`id`)
) ENGINE=InnoDB AUTO_INCREMENT=55 DEFAULT CHARSET=utf8mb4 COLLATE=utf8mb4_0900_ai_ci COMMENT='破损检测业务表：存储货物破损检测记录（检测结果、破损程度等），对应检测记录管理模块';

-- ----------------------------
-- Records of biz_detections
-- ----------------------------
BEGIN;
INSERT INTO `biz_detections` (`id`, `detection_no`, `transport_id`, `operator_id`, `image_url`, `processed_image_url`, `detection_time`, `damage_level`, `damage_area`, `confidence`, `damage_type`, `damage_description`, `suggestion`, `status`, `created_at`, `updated_at`) VALUES (1, 'D20250001', 33, 1, NULL, NULL, '2025-12-03 15:23:34', 1, 0.00, 0.8724, '变形', '发现变形，程度为轻微', '建议开箱验货', 2, '2025-12-03 15:23:34', '2025-12-05 23:03:51');
INSERT INTO `biz_detections` (`id`, `detection_no`, `transport_id`, `operator_id`, `image_url`, `processed_image_url`, `detection_time`, `damage_level`, `damage_area`, `confidence`, `damage_type`, `damage_description`, `suggestion`, `status`, `created_at`, `updated_at`) VALUES (2, 'D20250002', 50, 1, NULL, NULL, '2025-12-03 15:23:34', 0, 0.00, 0.9558, '无', '货物完好无损', '无需处理', 1, '2025-12-03 15:23:34', '2025-12-05 23:03:51');
INSERT INTO `biz_detections` (`id`, `detection_no`, `transport_id`, `operator_id`, `image_url`, `processed_image_url`, `detection_time`, `damage_level`, `damage_area`, `confidence`, `damage_type`, `damage_description`, `suggestion`, `status`, `created_at`, `updated_at`) VALUES (3, 'D20250003', 15, 1, NULL, NULL, '2025-12-03 15:23:34', 2, 0.00, 0.9287, '外包装破损', '发现外包装破损，程度为中度', '建议开箱验货', 2, '2025-12-03 15:23:34', '2025-12-05 23:03:51');
INSERT INTO `biz_detections` (`id`, `detection_no`, `transport_id`, `operator_id`, `image_url`, `processed_image_url`, `detection_time`, `damage_level`, `damage_area`, `confidence`, `damage_type`, `damage_description`, `suggestion`, `status`, `created_at`, `updated_at`) VALUES (4, 'D20250004', 32, 1, NULL, NULL, '2025-12-03 15:23:34', 3, 0.00, 0.9588, '变形', '发现变形，程度为严重', '建议拒收', 2, '2025-12-03 15:23:34', '2025-12-05 23:03:51');
INSERT INTO `biz_detections` (`id`, `detection_no`, `transport_id`, `operator_id`, `image_url`, `processed_image_url`, `detection_time`, `damage_level`, `damage_area`, `confidence`, `damage_type`, `damage_description`, `suggestion`, `status`, `created_at`, `updated_at`) VALUES (5, 'D20250005', 31, 1, NULL, NULL, '2025-12-03 15:23:34', 1, 0.00, 0.9273, '划痕', '发现划痕，程度为轻微', '建议开箱验货', 1, '2025-12-03 15:23:34', '2025-12-05 23:03:51');
INSERT INTO `biz_detections` (`id`, `detection_no`, `transport_id`, `operator_id`, `image_url`, `processed_image_url`, `detection_time`, `damage_level`, `damage_area`, `confidence`, `damage_type`, `damage_description`, `suggestion`, `status`, `created_at`, `updated_at`) VALUES (6, 'D20250006', 1, 1, NULL, NULL, '2025-12-03 15:23:34', 3, 0.00, 0.8964, '外包装破损', '发现外包装破损，程度为严重', '建议拒收', 0, '2025-12-03 15:23:34', '2025-12-05 23:03:51');
INSERT INTO `biz_detections` (`id`, `detection_no`, `transport_id`, `operator_id`, `image_url`, `processed_image_url`, `detection_time`, `damage_level`, `damage_area`, `confidence`, `damage_type`, `damage_description`, `suggestion`, `status`, `created_at`, `updated_at`) VALUES (7, 'D20250007', 4, 1, NULL, NULL, '2025-12-03 15:23:34', 2, 0.00, 0.8581, '受潮', '发现受潮，程度为中度', '建议开箱验货', 1, '2025-12-03 15:23:34', '2025-12-05 23:03:51');
INSERT INTO `biz_detections` (`id`, `detection_no`, `transport_id`, `operator_id`, `image_url`, `processed_image_url`, `detection_time`, `damage_level`, `damage_area`, `confidence`, `damage_type`, `damage_description`, `suggestion`, `status`, `created_at`, `updated_at`) VALUES (8, 'D20250008', 4, 1, NULL, NULL, '2025-12-03 15:23:34', 1, 0.00, 0.9203, '划痕', '发现划痕，程度为轻微', '建议开箱验货', 2, '2025-12-03 15:23:34', '2025-12-05 23:03:51');
INSERT INTO `biz_detections` (`id`, `detection_no`, `transport_id`, `operator_id`, `image_url`, `processed_image_url`, `detection_time`, `damage_level`, `damage_area`, `confidence`, `damage_type`, `damage_description`, `suggestion`, `status`, `created_at`, `updated_at`) VALUES (9, 'D20250009', 46, 1, NULL, NULL, '2025-12-03 15:23:34', 1, 0.00, 0.8887, '外包装破损', '发现外包装破损，程度为轻微', '建议开箱验货', 1, '2025-12-03 15:23:34', '2025-12-05 23:03:51');
INSERT INTO `biz_detections` (`id`, `detection_no`, `transport_id`, `operator_id`, `image_url`, `processed_image_url`, `detection_time`, `damage_level`, `damage_area`, `confidence`, `damage_type`, `damage_description`, `suggestion`, `status`, `created_at`, `updated_at`) VALUES (10, 'D20250010', 37, 1, NULL, NULL, '2025-12-03 15:23:34', 0, 0.00, 0.8535, '无', '货物完好无损', '无需处理', 1, '2025-12-03 15:23:34', '2025-12-05 23:03:51');
INSERT INTO `biz_detections` (`id`, `detection_no`, `transport_id`, `operator_id`, `image_url`, `processed_image_url`, `detection_time`, `damage_level`, `damage_area`, `confidence`, `damage_type`, `damage_description`, `suggestion`, `status`, `created_at`, `updated_at`) VALUES (11, 'D20250011', 46, 1, NULL, NULL, '2025-12-03 15:23:34', 1, 0.00, 0.9221, '外包装破损', '发现外包装破损，程度为轻微', '建议开箱验货', 1, '2025-12-03 15:23:34', '2025-12-05 23:03:51');
INSERT INTO `biz_detections` (`id`, `detection_no`, `transport_id`, `operator_id`, `image_url`, `processed_image_url`, `detection_time`, `damage_level`, `damage_area`, `confidence`, `damage_type`, `damage_description`, `suggestion`, `status`, `created_at`, `updated_at`) VALUES (12, 'D20250012', 23, 1, NULL, NULL, '2025-12-03 15:23:34', 1, 0.00, 0.8954, '变形', '发现变形，程度为轻微', '建议开箱验货', 1, '2025-12-03 15:23:34', '2025-12-05 23:03:51');
INSERT INTO `biz_detections` (`id`, `detection_no`, `transport_id`, `operator_id`, `image_url`, `processed_image_url`, `detection_time`, `damage_level`, `damage_area`, `confidence`, `damage_type`, `damage_description`, `suggestion`, `status`, `created_at`, `updated_at`) VALUES (13, 'D20250013', 21, 1, NULL, NULL, '2025-12-03 15:23:34', 3, 0.00, 0.8532, '变形', '发现变形，程度为严重', '建议拒收', 1, '2025-12-03 15:23:34', '2025-12-05 23:03:51');
INSERT INTO `biz_detections` (`id`, `detection_no`, `transport_id`, `operator_id`, `image_url`, `processed_image_url`, `detection_time`, `damage_level`, `damage_area`, `confidence`, `damage_type`, `damage_description`, `suggestion`, `status`, `created_at`, `updated_at`) VALUES (14, 'D20250014', 9, 1, NULL, NULL, '2025-12-03 15:23:34', 1, 0.00, 0.9034, '受潮', '发现受潮，程度为轻微', '建议开箱验货', 0, '2025-12-03 15:23:34', '2025-12-05 23:03:51');
INSERT INTO `biz_detections` (`id`, `detection_no`, `transport_id`, `operator_id`, `image_url`, `processed_image_url`, `detection_time`, `damage_level`, `damage_area`, `confidence`, `damage_type`, `damage_description`, `suggestion`, `status`, `created_at`, `updated_at`) VALUES (15, 'D20250015', 45, 1, NULL, NULL, '2025-12-03 15:23:34', 3, 0.00, 0.9758, '变形', '发现变形，程度为严重', '建议拒收', 0, '2025-12-03 15:23:34', '2025-12-05 23:03:51');
INSERT INTO `biz_detections` (`id`, `detection_no`, `transport_id`, `operator_id`, `image_url`, `processed_image_url`, `detection_time`, `damage_level`, `damage_area`, `confidence`, `damage_type`, `damage_description`, `suggestion`, `status`, `created_at`, `updated_at`) VALUES (16, 'D20250016', 16, 1, NULL, NULL, '2025-12-03 15:23:34', 0, 0.00, 0.8827, '无', '货物完好无损', '无需处理', 2, '2025-12-03 15:23:34', '2025-12-05 23:03:51');
INSERT INTO `biz_detections` (`id`, `detection_no`, `transport_id`, `operator_id`, `image_url`, `processed_image_url`, `detection_time`, `damage_level`, `damage_area`, `confidence`, `damage_type`, `damage_description`, `suggestion`, `status`, `created_at`, `updated_at`) VALUES (17, 'D20250017', 46, 1, NULL, NULL, '2025-12-03 15:23:34', 0, 0.00, 0.9122, '无', '货物完好无损', '无需处理', 2, '2025-12-03 15:23:34', '2025-12-05 23:03:51');
INSERT INTO `biz_detections` (`id`, `detection_no`, `transport_id`, `operator_id`, `image_url`, `processed_image_url`, `detection_time`, `damage_level`, `damage_area`, `confidence`, `damage_type`, `damage_description`, `suggestion`, `status`, `created_at`, `updated_at`) VALUES (18, 'D20250018', 20, 1, NULL, NULL, '2025-12-03 15:23:34', 0, 0.00, 0.8923, '无', '货物完好无损', '无需处理', 0, '2025-12-03 15:23:34', '2025-12-05 23:03:51');
INSERT INTO `biz_detections` (`id`, `detection_no`, `transport_id`, `operator_id`, `image_url`, `processed_image_url`, `detection_time`, `damage_level`, `damage_area`, `confidence`, `damage_type`, `damage_description`, `suggestion`, `status`, `created_at`, `updated_at`) VALUES (19, 'D20250019', 45, 1, NULL, NULL, '2025-12-03 15:23:34', 2, 0.00, 0.9009, '受潮', '发现受潮，程度为中度', '建议开箱验货', 2, '2025-12-03 15:23:34', '2025-12-05 23:03:51');
INSERT INTO `biz_detections` (`id`, `detection_no`, `transport_id`, `operator_id`, `image_url`, `processed_image_url`, `detection_time`, `damage_level`, `damage_area`, `confidence`, `damage_type`, `damage_description`, `suggestion`, `status`, `created_at`, `updated_at`) VALUES (20, 'D20250020', 20, 1, NULL, NULL, '2025-12-03 15:23:34', 3, 0.00, 0.9529, '外包装破损', '发现外包装破损，程度为严重', '建议拒收', 1, '2025-12-03 15:23:34', '2025-12-05 23:03:51');
INSERT INTO `biz_detections` (`id`, `detection_no`, `transport_id`, `operator_id`, `image_url`, `processed_image_url`, `detection_time`, `damage_level`, `damage_area`, `confidence`, `damage_type`, `damage_description`, `suggestion`, `status`, `created_at`, `updated_at`) VALUES (21, 'D20250021', 50, 1, NULL, NULL, '2025-12-03 15:23:34', 3, 0.00, 0.9665, '划痕', '发现划痕，程度为严重', '建议拒收', 1, '2025-12-03 15:23:34', '2025-12-05 23:03:51');
INSERT INTO `biz_detections` (`id`, `detection_no`, `transport_id`, `operator_id`, `image_url`, `processed_image_url`, `detection_time`, `damage_level`, `damage_area`, `confidence`, `damage_type`, `damage_description`, `suggestion`, `status`, `created_at`, `updated_at`) VALUES (22, 'D20250022', 3, 1, NULL, NULL, '2025-12-03 15:23:34', 1, 0.00, 0.9448, '受潮', '发现受潮，程度为轻微', '建议开箱验货', 0, '2025-12-03 15:23:34', '2025-12-05 23:03:51');
INSERT INTO `biz_detections` (`id`, `detection_no`, `transport_id`, `operator_id`, `image_url`, `processed_image_url`, `detection_time`, `damage_level`, `damage_area`, `confidence`, `damage_type`, `damage_description`, `suggestion`, `status`, `created_at`, `updated_at`) VALUES (23, 'D20250023', 5, 1, NULL, NULL, '2025-12-03 15:23:34', 2, 0.00, 0.9753, '外包装破损', '发现外包装破损，程度为中度', '建议开箱验货', 1, '2025-12-03 15:23:34', '2025-12-05 23:03:51');
INSERT INTO `biz_detections` (`id`, `detection_no`, `transport_id`, `operator_id`, `image_url`, `processed_image_url`, `detection_time`, `damage_level`, `damage_area`, `confidence`, `damage_type`, `damage_description`, `suggestion`, `status`, `created_at`, `updated_at`) VALUES (24, 'D20250024', 38, 1, NULL, NULL, '2025-12-03 15:23:34', 2, 0.00, 0.8577, '受潮', '发现受潮，程度为中度', '建议开箱验货', 2, '2025-12-03 15:23:34', '2025-12-05 23:03:51');
INSERT INTO `biz_detections` (`id`, `detection_no`, `transport_id`, `operator_id`, `image_url`, `processed_image_url`, `detection_time`, `damage_level`, `damage_area`, `confidence`, `damage_type`, `damage_description`, `suggestion`, `status`, `created_at`, `updated_at`) VALUES (25, 'D20250025', 39, 1, NULL, NULL, '2025-12-03 15:23:34', 1, 0.00, 0.8720, '变形', '发现变形，程度为轻微', '建议开箱验货', 1, '2025-12-03 15:23:34', '2025-12-05 23:03:51');
INSERT INTO `biz_detections` (`id`, `detection_no`, `transport_id`, `operator_id`, `image_url`, `processed_image_url`, `detection_time`, `damage_level`, `damage_area`, `confidence`, `damage_type`, `damage_description`, `suggestion`, `status`, `created_at`, `updated_at`) VALUES (26, 'D20250026', 4, 1, NULL, NULL, '2025-12-03 15:23:34', 1, 0.00, 0.9535, '变形', '发现变形，程度为轻微', '建议开箱验货', 1, '2025-12-03 15:23:34', '2025-12-05 23:03:51');
INSERT INTO `biz_detections` (`id`, `detection_no`, `transport_id`, `operator_id`, `image_url`, `processed_image_url`, `detection_time`, `damage_level`, `damage_area`, `confidence`, `damage_type`, `damage_description`, `suggestion`, `status`, `created_at`, `updated_at`) VALUES (27, 'D20250027', 47, 1, NULL, NULL, '2025-12-03 15:23:34', 2, 0.00, 0.9286, '划痕', '发现划痕，程度为中度', '建议开箱验货', 1, '2025-12-03 15:23:34', '2025-12-05 23:03:51');
INSERT INTO `biz_detections` (`id`, `detection_no`, `transport_id`, `operator_id`, `image_url`, `processed_image_url`, `detection_time`, `damage_level`, `damage_area`, `confidence`, `damage_type`, `damage_description`, `suggestion`, `status`, `created_at`, `updated_at`) VALUES (28, 'D20250028', 34, 1, NULL, NULL, '2025-12-03 15:23:34', 0, 0.00, 0.9712, '无', '货物完好无损', '无需处理', 1, '2025-12-03 15:23:34', '2025-12-05 23:03:51');
INSERT INTO `biz_detections` (`id`, `detection_no`, `transport_id`, `operator_id`, `image_url`, `processed_image_url`, `detection_time`, `damage_level`, `damage_area`, `confidence`, `damage_type`, `damage_description`, `suggestion`, `status`, `created_at`, `updated_at`) VALUES (29, 'D20250029', 6, 1, NULL, NULL, '2025-12-03 15:23:34', 3, 0.00, 0.8861, '外包装破损', '发现外包装破损，程度为严重', '建议拒收', 0, '2025-12-03 15:23:34', '2025-12-05 23:03:51');
INSERT INTO `biz_detections` (`id`, `detection_no`, `transport_id`, `operator_id`, `image_url`, `processed_image_url`, `detection_time`, `damage_level`, `damage_area`, `confidence`, `damage_type`, `damage_description`, `suggestion`, `status`, `created_at`, `updated_at`) VALUES (30, 'D20250030', 50, 1, NULL, NULL, '2025-12-03 15:23:34', 2, 0.00, 0.8602, '变形', '发现变形，程度为中度', '建议开箱验货', 0, '2025-12-03 15:23:34', '2025-12-05 23:03:51');
INSERT INTO `biz_detections` (`id`, `detection_no`, `transport_id`, `operator_id`, `image_url`, `processed_image_url`, `detection_time`, `damage_level`, `damage_area`, `confidence`, `damage_type`, `damage_description`, `suggestion`, `status`, `created_at`, `updated_at`) VALUES (31, 'D20250031', 35, 1, NULL, NULL, '2025-12-03 15:23:34', 2, 0.00, 0.9643, '外包装破损', '发现外包装破损，程度为中度', '建议开箱验货', 2, '2025-12-03 15:23:34', '2025-12-05 23:03:51');
INSERT INTO `biz_detections` (`id`, `detection_no`, `transport_id`, `operator_id`, `image_url`, `processed_image_url`, `detection_time`, `damage_level`, `damage_area`, `confidence`, `damage_type`, `damage_description`, `suggestion`, `status`, `created_at`, `updated_at`) VALUES (32, 'D20250032', 15, 1, NULL, NULL, '2025-12-03 15:23:34', 3, 0.00, 0.8748, '外包装破损', '发现外包装破损，程度为严重', '建议拒收', 1, '2025-12-03 15:23:34', '2025-12-05 23:03:51');
INSERT INTO `biz_detections` (`id`, `detection_no`, `transport_id`, `operator_id`, `image_url`, `processed_image_url`, `detection_time`, `damage_level`, `damage_area`, `confidence`, `damage_type`, `damage_description`, `suggestion`, `status`, `created_at`, `updated_at`) VALUES (33, 'D20250033', 35, 1, NULL, NULL, '2025-12-03 15:23:34', 1, 0.00, 0.8822, '外包装破损', '发现外包装破损，程度为轻微', '建议开箱验货', 2, '2025-12-03 15:23:34', '2025-12-05 23:03:51');
INSERT INTO `biz_detections` (`id`, `detection_no`, `transport_id`, `operator_id`, `image_url`, `processed_image_url`, `detection_time`, `damage_level`, `damage_area`, `confidence`, `damage_type`, `damage_description`, `suggestion`, `status`, `created_at`, `updated_at`) VALUES (34, 'D20250034', 40, 1, NULL, NULL, '2025-12-03 15:23:34', 0, 0.00, 0.8618, '无', '货物完好无损', '无需处理', 1, '2025-12-03 15:23:34', '2025-12-05 23:03:51');
INSERT INTO `biz_detections` (`id`, `detection_no`, `transport_id`, `operator_id`, `image_url`, `processed_image_url`, `detection_time`, `damage_level`, `damage_area`, `confidence`, `damage_type`, `damage_description`, `suggestion`, `status`, `created_at`, `updated_at`) VALUES (35, 'D20250035', 11, 1, NULL, NULL, '2025-12-03 15:23:34', 2, 0.00, 0.8771, '变形', '发现变形，程度为中度', '建议开箱验货', 1, '2025-12-03 15:23:34', '2025-12-05 23:03:51');
INSERT INTO `biz_detections` (`id`, `detection_no`, `transport_id`, `operator_id`, `image_url`, `processed_image_url`, `detection_time`, `damage_level`, `damage_area`, `confidence`, `damage_type`, `damage_description`, `suggestion`, `status`, `created_at`, `updated_at`) VALUES (36, 'D20250036', 40, 1, NULL, NULL, '2025-12-03 15:23:34', 3, 0.00, 0.9268, '划痕', '发现划痕，程度为严重', '建议拒收', 2, '2025-12-03 15:23:34', '2025-12-05 23:03:51');
INSERT INTO `biz_detections` (`id`, `detection_no`, `transport_id`, `operator_id`, `image_url`, `processed_image_url`, `detection_time`, `damage_level`, `damage_area`, `confidence`, `damage_type`, `damage_description`, `suggestion`, `status`, `created_at`, `updated_at`) VALUES (37, 'D20250037', 14, 1, NULL, NULL, '2025-12-03 15:23:34', 1, 0.00, 0.9814, '受潮', '发现受潮，程度为轻微', '建议开箱验货', 2, '2025-12-03 15:23:34', '2025-12-05 23:03:51');
INSERT INTO `biz_detections` (`id`, `detection_no`, `transport_id`, `operator_id`, `image_url`, `processed_image_url`, `detection_time`, `damage_level`, `damage_area`, `confidence`, `damage_type`, `damage_description`, `suggestion`, `status`, `created_at`, `updated_at`) VALUES (38, 'D20250038', 7, 1, NULL, NULL, '2025-12-03 15:23:34', 0, 0.00, 0.9465, '无', '货物完好无损', '无需处理', 1, '2025-12-03 15:23:34', '2025-12-05 23:03:51');
INSERT INTO `biz_detections` (`id`, `detection_no`, `transport_id`, `operator_id`, `image_url`, `processed_image_url`, `detection_time`, `damage_level`, `damage_area`, `confidence`, `damage_type`, `damage_description`, `suggestion`, `status`, `created_at`, `updated_at`) VALUES (39, 'D20250039', 24, 1, NULL, NULL, '2025-12-03 15:23:34', 1, 0.00, 0.9447, '变形', '发现变形，程度为轻微', '建议开箱验货', 0, '2025-12-03 15:23:34', '2025-12-05 23:03:51');
INSERT INTO `biz_detections` (`id`, `detection_no`, `transport_id`, `operator_id`, `image_url`, `processed_image_url`, `detection_time`, `damage_level`, `damage_area`, `confidence`, `damage_type`, `damage_description`, `suggestion`, `status`, `created_at`, `updated_at`) VALUES (40, 'D20250040', 16, 1, NULL, NULL, '2025-12-03 15:23:34', 3, 0.00, 0.9718, '外包装破损', '发现外包装破损，程度为严重', '建议拒收', 0, '2025-12-03 15:23:34', '2025-12-05 23:03:51');
INSERT INTO `biz_detections` (`id`, `detection_no`, `transport_id`, `operator_id`, `image_url`, `processed_image_url`, `detection_time`, `damage_level`, `damage_area`, `confidence`, `damage_type`, `damage_description`, `suggestion`, `status`, `created_at`, `updated_at`) VALUES (41, 'D20250041', 7, 1, NULL, NULL, '2025-12-03 15:23:34', 3, 0.00, 0.9419, '外包装破损', '发现外包装破损，程度为严重', '建议拒收', 2, '2025-12-03 15:23:34', '2025-12-05 23:03:51');
INSERT INTO `biz_detections` (`id`, `detection_no`, `transport_id`, `operator_id`, `image_url`, `processed_image_url`, `detection_time`, `damage_level`, `damage_area`, `confidence`, `damage_type`, `damage_description`, `suggestion`, `status`, `created_at`, `updated_at`) VALUES (42, 'D20250042', 32, 1, NULL, NULL, '2025-12-03 15:23:34', 1, 0.00, 0.8985, '变形', '发现变形，程度为轻微', '建议开箱验货', 1, '2025-12-03 15:23:34', '2025-12-05 23:03:51');
INSERT INTO `biz_detections` (`id`, `detection_no`, `transport_id`, `operator_id`, `image_url`, `processed_image_url`, `detection_time`, `damage_level`, `damage_area`, `confidence`, `damage_type`, `damage_description`, `suggestion`, `status`, `created_at`, `updated_at`) VALUES (43, 'D20250043', 44, 1, NULL, NULL, '2025-12-03 15:23:34', 3, 0.00, 0.8708, '划痕', '发现划痕，程度为严重', '建议拒收', 1, '2025-12-03 15:23:34', '2025-12-05 23:03:51');
INSERT INTO `biz_detections` (`id`, `detection_no`, `transport_id`, `operator_id`, `image_url`, `processed_image_url`, `detection_time`, `damage_level`, `damage_area`, `confidence`, `damage_type`, `damage_description`, `suggestion`, `status`, `created_at`, `updated_at`) VALUES (44, 'D20250044', 6, 1, NULL, NULL, '2025-12-03 15:23:34', 0, 0.00, 0.9811, '无', '货物完好无损', '无需处理', 0, '2025-12-03 15:23:34', '2025-12-05 23:03:51');
INSERT INTO `biz_detections` (`id`, `detection_no`, `transport_id`, `operator_id`, `image_url`, `processed_image_url`, `detection_time`, `damage_level`, `damage_area`, `confidence`, `damage_type`, `damage_description`, `suggestion`, `status`, `created_at`, `updated_at`) VALUES (45, 'D20250045', 9, 1, NULL, NULL, '2025-12-03 15:23:34', 1, 0.00, 0.9346, '受潮', '发现受潮，程度为轻微', '建议开箱验货', 2, '2025-12-03 15:23:34', '2025-12-05 23:03:51');
INSERT INTO `biz_detections` (`id`, `detection_no`, `transport_id`, `operator_id`, `image_url`, `processed_image_url`, `detection_time`, `damage_level`, `damage_area`, `confidence`, `damage_type`, `damage_description`, `suggestion`, `status`, `created_at`, `updated_at`) VALUES (46, 'D20250046', 50, 1, NULL, NULL, '2025-12-03 15:23:34', 0, 0.00, 0.9485, '无', '货物完好无损', '无需处理', 2, '2025-12-03 15:23:34', '2025-12-05 23:03:51');
INSERT INTO `biz_detections` (`id`, `detection_no`, `transport_id`, `operator_id`, `image_url`, `processed_image_url`, `detection_time`, `damage_level`, `damage_area`, `confidence`, `damage_type`, `damage_description`, `suggestion`, `status`, `created_at`, `updated_at`) VALUES (47, 'D20250047', 3, 1, NULL, NULL, '2025-12-03 15:23:34', 0, 0.00, 0.8961, '无', '货物完好无损', '无需处理', 0, '2025-12-03 15:23:34', '2025-12-05 23:03:51');
INSERT INTO `biz_detections` (`id`, `detection_no`, `transport_id`, `operator_id`, `image_url`, `processed_image_url`, `detection_time`, `damage_level`, `damage_area`, `confidence`, `damage_type`, `damage_description`, `suggestion`, `status`, `created_at`, `updated_at`) VALUES (48, 'D20250048', 16, 1, NULL, NULL, '2025-12-03 15:23:34', 3, 0.00, 0.8883, '外包装破损', '发现外包装破损，程度为严重', '建议拒收', 1, '2025-12-03 15:23:34', '2025-12-05 23:03:51');
INSERT INTO `biz_detections` (`id`, `detection_no`, `transport_id`, `operator_id`, `image_url`, `processed_image_url`, `detection_time`, `damage_level`, `damage_area`, `confidence`, `damage_type`, `damage_description`, `suggestion`, `status`, `created_at`, `updated_at`) VALUES (49, 'D20250049', 17, 1, NULL, NULL, '2025-12-03 15:23:34', 2, 0.00, 0.9754, '划痕', '发现划痕，程度为中度', '建议开箱验货', 1, '2025-12-03 15:23:34', '2025-12-05 23:03:51');
INSERT INTO `biz_detections` (`id`, `detection_no`, `transport_id`, `operator_id`, `image_url`, `processed_image_url`, `detection_time`, `damage_level`, `damage_area`, `confidence`, `damage_type`, `damage_description`, `suggestion`, `status`, `created_at`, `updated_at`) VALUES (50, 'D20250050', 23, 1, NULL, NULL, '2025-12-03 15:23:34', 0, 0.00, 0.8577, '无', '货物完好无损', '无需处理', 1, '2025-12-03 15:23:34', '2025-12-05 23:03:51');
INSERT INTO `biz_detections` (`id`, `detection_no`, `transport_id`, `operator_id`, `image_url`, `processed_image_url`, `detection_time`, `damage_level`, `damage_area`, `confidence`, `damage_type`, `damage_description`, `suggestion`, `status`, `created_at`, `updated_at`) VALUES (51, 'D4AA38DDA', 1, 1, NULL, NULL, '2025-12-04 20:23:17', 0, NULL, 0.9000, 'None', 'No significant objects found.', 'YOLOv8 analysis completed, no objects detected.', 0, '2025-12-04 20:23:17', '2025-12-05 23:03:51');
INSERT INTO `biz_detections` (`id`, `detection_no`, `transport_id`, `operator_id`, `image_url`, `processed_image_url`, `detection_time`, `damage_level`, `damage_area`, `confidence`, `damage_type`, `damage_description`, `suggestion`, `status`, `created_at`, `updated_at`) VALUES (52, 'D75456066', 1, 1, NULL, NULL, '2025-12-04 20:55:53', 0, NULL, 0.9000, 'None', 'No significant objects found.', 'YOLOv8 analysis completed, no objects detected.', 0, '2025-12-04 20:55:53', '2025-12-05 23:03:51');
INSERT INTO `biz_detections` (`id`, `detection_no`, `transport_id`, `operator_id`, `image_url`, `processed_image_url`, `detection_time`, `damage_level`, `damage_area`, `confidence`, `damage_type`, `damage_description`, `suggestion`, `status`, `created_at`, `updated_at`) VALUES (53, 'D8561CB96', 1, 1, NULL, NULL, '2025-12-04 20:56:28', 0, NULL, 0.9000, 'None', 'No significant objects found.', 'YOLOv8 analysis completed, no objects detected.', 0, '2025-12-04 20:56:28', '2025-12-05 23:03:51');
INSERT INTO `biz_detections` (`id`, `detection_no`, `transport_id`, `operator_id`, `image_url`, `processed_image_url`, `detection_time`, `damage_level`, `damage_area`, `confidence`, `damage_type`, `damage_description`, `suggestion`, `status`, `created_at`, `updated_at`) VALUES (54, 'DFAA90585', 1, 1, 'http://localhost:8080/uploads/cloud_2fee42de-2a0c-43ee-bbda-9a79352885be.jpg', NULL, '2025-12-11 17:06:53', 0, NULL, 0.4332, '工笔画', 'Detected 工笔画 with confidence 0.433164', 'Cloud AI detected: 工笔画', 1, '2025-12-11 17:06:53', '2025-12-11 17:06:53');
COMMIT;

-- ----------------------------
-- Table structure for biz_transports
-- ----------------------------
DROP TABLE IF EXISTS `biz_transports`;
CREATE TABLE `biz_transports` (
  `id` bigint NOT NULL AUTO_INCREMENT COMMENT '主键',
  `transport_no` varchar(50) NOT NULL COMMENT '运输单号',
  `goods_id` bigint NOT NULL COMMENT '货物ID',
  `quantity` int NOT NULL DEFAULT '1' COMMENT '数量',
  `origin` varchar(100) DEFAULT NULL COMMENT '发货地',
  `destination` varchar(100) DEFAULT NULL COMMENT '目的地',
  `carrier` varchar(100) DEFAULT NULL COMMENT '承运商',
  `vehicle_no` varchar(50) DEFAULT NULL COMMENT '车牌号',
  `driver_name` varchar(50) DEFAULT NULL COMMENT '司机姓名',
  `driver_phone` varchar(20) DEFAULT NULL COMMENT '司机电话',
  `start_time` datetime DEFAULT NULL COMMENT '开始时间',
  `end_time` datetime DEFAULT NULL COMMENT '结束时间',
  `status` tinyint DEFAULT '0' COMMENT '状态: 0-待运输, 1-运输中, 2-已完成, 3-异常, 4-已取消',
  `remarks` text COMMENT '备注',
  `is_deleted` tinyint DEFAULT '0' COMMENT '是否删除',
  `created_by` bigint DEFAULT NULL COMMENT '创建人ID',
  `created_at` datetime DEFAULT CURRENT_TIMESTAMP COMMENT '创建时间',
  `updated_at` datetime DEFAULT CURRENT_TIMESTAMP ON UPDATE CURRENT_TIMESTAMP COMMENT '更新时间',
  `customer_name` varchar(100) DEFAULT NULL COMMENT '客户名称/收货人',
  PRIMARY KEY (`id`),
  UNIQUE KEY `transport_no` (`transport_no`),
  KEY `fk_transport_goods` (`goods_id`),
  CONSTRAINT `fk_transport_goods` FOREIGN KEY (`goods_id`) REFERENCES `base_goods` (`id`)
) ENGINE=InnoDB AUTO_INCREMENT=51 DEFAULT CHARSET=utf8mb4 COLLATE=utf8mb4_0900_ai_ci COMMENT='运输业务表：存储货物运输信息（起始地、目的地、运输状态等），对应运输记录管理模块';

-- ----------------------------
-- Records of biz_transports
-- ----------------------------
BEGIN;
INSERT INTO `biz_transports` (`id`, `transport_no`, `goods_id`, `quantity`, `origin`, `destination`, `carrier`, `vehicle_no`, `driver_name`, `driver_phone`, `start_time`, `end_time`, `status`, `remarks`, `is_deleted`, `created_by`, `created_at`, `updated_at`, `customer_name`) VALUES (1, 'T20250001', 15, 41, '泉州', '南昌', '百世快运', '京H29507', '蓝辰时', '13143777435', NULL, NULL, 4, NULL, 0, 1, '2025-12-03 15:23:34', '2025-12-05 23:03:51', NULL);
INSERT INTO `biz_transports` (`id`, `transport_no`, `goods_id`, `quantity`, `origin`, `destination`, `carrier`, `vehicle_no`, `driver_name`, `driver_phone`, `start_time`, `end_time`, `status`, `remarks`, `is_deleted`, `created_by`, `created_at`, `updated_at`, `customer_name`) VALUES (2, 'T20250002', 5, 380, '长春', '金华', '京东物流', '京F69066', '樊军', '16002023150', NULL, NULL, 3, NULL, 0, 1, '2025-12-03 15:23:34', '2025-12-05 23:03:51', NULL);
INSERT INTO `biz_transports` (`id`, `transport_no`, `goods_id`, `quantity`, `origin`, `destination`, `carrier`, `vehicle_no`, `driver_name`, `driver_phone`, `start_time`, `end_time`, `status`, `remarks`, `is_deleted`, `created_by`, `created_at`, `updated_at`, `customer_name`) VALUES (3, 'T20250003', 30, 417, '贵阳', '惠州', '安能物流', '京E38624', '鲁强', '17144549821', '2025-12-09 02:24:53', '2025-12-09 02:25:04', 2, NULL, 0, 1, '2025-12-03 15:23:34', '2025-12-09 02:25:04', NULL);
INSERT INTO `biz_transports` (`id`, `transport_no`, `goods_id`, `quantity`, `origin`, `destination`, `carrier`, `vehicle_no`, `driver_name`, `driver_phone`, `start_time`, `end_time`, `status`, `remarks`, `is_deleted`, `created_by`, `created_at`, `updated_at`, `customer_name`) VALUES (4, 'T20250004', 35, 294, '郑州', '温州', '极兔速递', '京H69551', '梅星', '15929136524', NULL, NULL, 3, NULL, 0, 1, '2025-12-03 15:23:34', '2025-12-05 23:03:51', NULL);
INSERT INTO `biz_transports` (`id`, `transport_no`, `goods_id`, `quantity`, `origin`, `destination`, `carrier`, `vehicle_no`, `driver_name`, `driver_phone`, `start_time`, `end_time`, `status`, `remarks`, `is_deleted`, `created_by`, `created_at`, `updated_at`, `customer_name`) VALUES (5, 'T20250005', 10, 281, '深圳', '中山', '韵达快递', '京C96315', '龚奇涛', '15297643835', NULL, NULL, 4, NULL, 0, 1, '2025-12-03 15:23:34', '2025-12-05 23:03:51', NULL);
INSERT INTO `biz_transports` (`id`, `transport_no`, `goods_id`, `quantity`, `origin`, `destination`, `carrier`, `vehicle_no`, `driver_name`, `driver_phone`, `start_time`, `end_time`, `status`, `remarks`, `is_deleted`, `created_by`, `created_at`, `updated_at`, `customer_name`) VALUES (6, 'T20250006', 39, 21, '厦门', '徐州', '中通快递', '京G85699', '万功腾', '18446962865', NULL, NULL, 2, NULL, 0, 1, '2025-12-03 15:23:34', '2025-12-05 23:03:51', NULL);
INSERT INTO `biz_transports` (`id`, `transport_no`, `goods_id`, `quantity`, `origin`, `destination`, `carrier`, `vehicle_no`, `driver_name`, `driver_phone`, `start_time`, `end_time`, `status`, `remarks`, `is_deleted`, `created_by`, `created_at`, `updated_at`, `customer_name`) VALUES (7, 'T20250007', 32, 164, '南昌', '青岛', '京东物流', '京A64557', '李信', '16739904003', NULL, NULL, 3, NULL, 0, 1, '2025-12-03 15:23:34', '2025-12-05 23:03:51', NULL);
INSERT INTO `biz_transports` (`id`, `transport_no`, `goods_id`, `quantity`, `origin`, `destination`, `carrier`, `vehicle_no`, `driver_name`, `driver_phone`, `start_time`, `end_time`, `status`, `remarks`, `is_deleted`, `created_by`, `created_at`, `updated_at`, `customer_name`) VALUES (8, 'T20250008', 26, 50, '徐州', '温州', '韵达快递', '京G93266', '吉志绍', '15917937847', NULL, NULL, 2, NULL, 0, 1, '2025-12-03 15:23:34', '2025-12-05 23:03:51', NULL);
INSERT INTO `biz_transports` (`id`, `transport_no`, `goods_id`, `quantity`, `origin`, `destination`, `carrier`, `vehicle_no`, `driver_name`, `driver_phone`, `start_time`, `end_time`, `status`, `remarks`, `is_deleted`, `created_by`, `created_at`, `updated_at`, `customer_name`) VALUES (9, 'T20250009', 36, 351, '济南', '宁波', '圆通速递', '京C98886', '滕博', '16396041225', NULL, NULL, 2, NULL, 0, 1, '2025-12-03 15:23:34', '2025-12-05 23:03:51', NULL);
INSERT INTO `biz_transports` (`id`, `transport_no`, `goods_id`, `quantity`, `origin`, `destination`, `carrier`, `vehicle_no`, `driver_name`, `driver_phone`, `start_time`, `end_time`, `status`, `remarks`, `is_deleted`, `created_by`, `created_at`, `updated_at`, `customer_name`) VALUES (10, 'T20250010', 1, 481, '重庆', '金华', '极兔速递', '京H34494', '邱钧亨', '16520505630', NULL, NULL, 2, NULL, 0, 1, '2025-12-03 15:23:34', '2025-12-05 23:03:51', NULL);
INSERT INTO `biz_transports` (`id`, `transport_no`, `goods_id`, `quantity`, `origin`, `destination`, `carrier`, `vehicle_no`, `driver_name`, `driver_phone`, `start_time`, `end_time`, `status`, `remarks`, `is_deleted`, `created_by`, `created_at`, `updated_at`, `customer_name`) VALUES (11, 'T20250011', 11, 466, '郑州', '珠海', '跨越速运', '京F98998', '钮岩维', '17905261768', NULL, NULL, 4, NULL, 0, 1, '2025-12-03 15:23:34', '2025-12-05 23:03:51', NULL);
INSERT INTO `biz_transports` (`id`, `transport_no`, `goods_id`, `quantity`, `origin`, `destination`, `carrier`, `vehicle_no`, `driver_name`, `driver_phone`, `start_time`, `end_time`, `status`, `remarks`, `is_deleted`, `created_by`, `created_at`, `updated_at`, `customer_name`) VALUES (12, 'T20250012', 34, 303, '徐州', '西安', '百世快运', '京C17032', '元元良', '18960259340', NULL, NULL, 3, NULL, 0, 1, '2025-12-03 15:23:34', '2025-12-05 23:03:51', NULL);
INSERT INTO `biz_transports` (`id`, `transport_no`, `goods_id`, `quantity`, `origin`, `destination`, `carrier`, `vehicle_no`, `driver_name`, `driver_phone`, `start_time`, `end_time`, `status`, `remarks`, `is_deleted`, `created_by`, `created_at`, `updated_at`, `customer_name`) VALUES (13, 'T20250013', 43, 62, '珠海', '宁波', '宅急送', '京H63639', '路致保', '19049793382', NULL, NULL, 0, NULL, 0, 1, '2025-12-03 15:23:34', '2025-12-05 23:03:51', NULL);
INSERT INTO `biz_transports` (`id`, `transport_no`, `goods_id`, `quantity`, `origin`, `destination`, `carrier`, `vehicle_no`, `driver_name`, `driver_phone`, `start_time`, `end_time`, `status`, `remarks`, `is_deleted`, `created_by`, `created_at`, `updated_at`, `customer_name`) VALUES (14, 'T20250014', 32, 365, '兰州', '贵阳', '天天快递', '京H28310', '鲍进', '18709968911', NULL, NULL, 2, NULL, 0, 1, '2025-12-03 15:23:34', '2025-12-05 23:03:51', NULL);
INSERT INTO `biz_transports` (`id`, `transport_no`, `goods_id`, `quantity`, `origin`, `destination`, `carrier`, `vehicle_no`, `driver_name`, `driver_phone`, `start_time`, `end_time`, `status`, `remarks`, `is_deleted`, `created_by`, `created_at`, `updated_at`, `customer_name`) VALUES (15, 'T20250015', 29, 224, '南通', '太原', '极兔速递', '京G44185', '康辰', '19542957865', NULL, NULL, 1, NULL, 0, 1, '2025-12-03 15:23:34', '2025-12-05 23:03:51', NULL);
INSERT INTO `biz_transports` (`id`, `transport_no`, `goods_id`, `quantity`, `origin`, `destination`, `carrier`, `vehicle_no`, `driver_name`, `driver_phone`, `start_time`, `end_time`, `status`, `remarks`, `is_deleted`, `created_by`, `created_at`, `updated_at`, `customer_name`) VALUES (16, 'T20250016', 30, 198, '厦门', '广州', '跨越速运', '京D37888', '范会', '15242145875', NULL, NULL, 4, NULL, 0, 1, '2025-12-03 15:23:34', '2025-12-05 23:03:51', NULL);
INSERT INTO `biz_transports` (`id`, `transport_no`, `goods_id`, `quantity`, `origin`, `destination`, `carrier`, `vehicle_no`, `driver_name`, `driver_phone`, `start_time`, `end_time`, `status`, `remarks`, `is_deleted`, `created_by`, `created_at`, `updated_at`, `customer_name`) VALUES (17, 'T20250017', 32, 188, '台州', '北京', '邮政EMS', '京G99083', '华民彪', '17169734802', NULL, NULL, 2, NULL, 0, 1, '2025-12-03 15:23:34', '2025-12-05 23:03:51', NULL);
INSERT INTO `biz_transports` (`id`, `transport_no`, `goods_id`, `quantity`, `origin`, `destination`, `carrier`, `vehicle_no`, `driver_name`, `driver_phone`, `start_time`, `end_time`, `status`, `remarks`, `is_deleted`, `created_by`, `created_at`, `updated_at`, `customer_name`) VALUES (18, 'T20250018', 2, 327, '杭州', '北京', '申通快递', '京G69368', '顾和奇', '19969645738', NULL, NULL, 4, NULL, 0, 1, '2025-12-03 15:23:34', '2025-12-05 23:03:51', NULL);
INSERT INTO `biz_transports` (`id`, `transport_no`, `goods_id`, `quantity`, `origin`, `destination`, `carrier`, `vehicle_no`, `driver_name`, `driver_phone`, `start_time`, `end_time`, `status`, `remarks`, `is_deleted`, `created_by`, `created_at`, `updated_at`, `customer_name`) VALUES (19, 'T20250019', 45, 328, '惠州', '杭州', '申通快递', '京C81384', '于泰', '19463362643', NULL, NULL, 1, NULL, 0, 1, '2025-12-03 15:23:34', '2025-12-05 23:03:51', NULL);
INSERT INTO `biz_transports` (`id`, `transport_no`, `goods_id`, `quantity`, `origin`, `destination`, `carrier`, `vehicle_no`, `driver_name`, `driver_phone`, `start_time`, `end_time`, `status`, `remarks`, `is_deleted`, `created_by`, `created_at`, `updated_at`, `customer_name`) VALUES (20, 'T20250020', 32, 241, '苏州', '佛山', '圆通速递', '京B84010', '穆政', '19462451528', NULL, NULL, 1, NULL, 0, 1, '2025-12-03 15:23:34', '2025-12-05 23:03:51', NULL);
INSERT INTO `biz_transports` (`id`, `transport_no`, `goods_id`, `quantity`, `origin`, `destination`, `carrier`, `vehicle_no`, `driver_name`, `driver_phone`, `start_time`, `end_time`, `status`, `remarks`, `is_deleted`, `created_by`, `created_at`, `updated_at`, `customer_name`) VALUES (21, 'T20250021', 40, 305, '哈尔滨', '北京', '韵达快递', '京B64725', '宣奇', '17414914468', NULL, NULL, 2, NULL, 0, 1, '2025-12-03 15:23:34', '2025-12-05 23:03:51', NULL);
INSERT INTO `biz_transports` (`id`, `transport_no`, `goods_id`, `quantity`, `origin`, `destination`, `carrier`, `vehicle_no`, `driver_name`, `driver_phone`, `start_time`, `end_time`, `status`, `remarks`, `is_deleted`, `created_by`, `created_at`, `updated_at`, `customer_name`) VALUES (22, 'T20250022', 1, 226, '徐州', '合肥', '京东物流', '京A72628', '狄贵', '18985498555', NULL, NULL, 0, NULL, 0, 1, '2025-12-03 15:23:34', '2025-12-05 23:03:51', NULL);
INSERT INTO `biz_transports` (`id`, `transport_no`, `goods_id`, `quantity`, `origin`, `destination`, `carrier`, `vehicle_no`, `driver_name`, `driver_phone`, `start_time`, `end_time`, `status`, `remarks`, `is_deleted`, `created_by`, `created_at`, `updated_at`, `customer_name`) VALUES (23, 'T20250023', 9, 394, '南昌', '贵阳', '邮政EMS', '京H72472', '卜承成', '16698525101', NULL, NULL, 0, NULL, 0, 1, '2025-12-03 15:23:34', '2025-12-05 23:03:51', NULL);
INSERT INTO `biz_transports` (`id`, `transport_no`, `goods_id`, `quantity`, `origin`, `destination`, `carrier`, `vehicle_no`, `driver_name`, `driver_phone`, `start_time`, `end_time`, `status`, `remarks`, `is_deleted`, `created_by`, `created_at`, `updated_at`, `customer_name`) VALUES (24, 'T20250024', 33, 460, '绍兴', '惠州', '顺丰速运', '京D35195', '柏国谦', '16546027579', NULL, NULL, 4, NULL, 0, 1, '2025-12-03 15:23:34', '2025-12-05 23:03:51', NULL);
INSERT INTO `biz_transports` (`id`, `transport_no`, `goods_id`, `quantity`, `origin`, `destination`, `carrier`, `vehicle_no`, `driver_name`, `driver_phone`, `start_time`, `end_time`, `status`, `remarks`, `is_deleted`, `created_by`, `created_at`, `updated_at`, `customer_name`) VALUES (25, 'T20250025', 11, 78, '长沙', '武汉', '顺丰速运', '京F27663', '钮致', '18264411258', NULL, NULL, 2, NULL, 0, 1, '2025-12-03 15:23:34', '2025-12-05 23:03:51', NULL);
INSERT INTO `biz_transports` (`id`, `transport_no`, `goods_id`, `quantity`, `origin`, `destination`, `carrier`, `vehicle_no`, `driver_name`, `driver_phone`, `start_time`, `end_time`, `status`, `remarks`, `is_deleted`, `created_by`, `created_at`, `updated_at`, `customer_name`) VALUES (26, 'T20250026', 21, 166, '济南', '西安', '申通快递', '京B42975', '贾康善', '18896288930', NULL, NULL, 1, NULL, 0, 1, '2025-12-03 15:23:34', '2025-12-05 23:03:51', NULL);
INSERT INTO `biz_transports` (`id`, `transport_no`, `goods_id`, `quantity`, `origin`, `destination`, `carrier`, `vehicle_no`, `driver_name`, `driver_phone`, `start_time`, `end_time`, `status`, `remarks`, `is_deleted`, `created_by`, `created_at`, `updated_at`, `customer_name`) VALUES (27, 'T20250027', 9, 469, '福州', '郑州', '百世快运', '京C77223', '钮绍伦', '16044972974', NULL, NULL, 0, NULL, 0, 1, '2025-12-03 15:23:34', '2025-12-05 23:03:51', NULL);
INSERT INTO `biz_transports` (`id`, `transport_no`, `goods_id`, `quantity`, `origin`, `destination`, `carrier`, `vehicle_no`, `driver_name`, `driver_phone`, `start_time`, `end_time`, `status`, `remarks`, `is_deleted`, `created_by`, `created_at`, `updated_at`, `customer_name`) VALUES (28, 'T20250028', 43, 24, '太原', '成都', '顺丰速运', '京F12195', '田以栋', '15825441968', NULL, NULL, 2, NULL, 0, 1, '2025-12-03 15:23:34', '2025-12-05 23:03:51', NULL);
INSERT INTO `biz_transports` (`id`, `transport_no`, `goods_id`, `quantity`, `origin`, `destination`, `carrier`, `vehicle_no`, `driver_name`, `driver_phone`, `start_time`, `end_time`, `status`, `remarks`, `is_deleted`, `created_by`, `created_at`, `updated_at`, `customer_name`) VALUES (29, 'T20250029', 6, 308, '温州', '无锡', '百世快运', '京G61947', '蓝进勇', '15430421011', NULL, NULL, 2, NULL, 0, 1, '2025-12-03 15:23:34', '2025-12-05 23:03:51', NULL);
INSERT INTO `biz_transports` (`id`, `transport_no`, `goods_id`, `quantity`, `origin`, `destination`, `carrier`, `vehicle_no`, `driver_name`, `driver_phone`, `start_time`, `end_time`, `status`, `remarks`, `is_deleted`, `created_by`, `created_at`, `updated_at`, `customer_name`) VALUES (30, 'T20250030', 46, 163, '泉州', '长春', '中通快递', '京F81730', '吉松辉', '19795529258', NULL, NULL, 1, NULL, 0, 1, '2025-12-03 15:23:34', '2025-12-05 23:03:51', NULL);
INSERT INTO `biz_transports` (`id`, `transport_no`, `goods_id`, `quantity`, `origin`, `destination`, `carrier`, `vehicle_no`, `driver_name`, `driver_phone`, `start_time`, `end_time`, `status`, `remarks`, `is_deleted`, `created_by`, `created_at`, `updated_at`, `customer_name`) VALUES (31, 'T20250031', 7, 360, '杭州', '嘉兴', '安能物流', '京E55909', '许楠昌', '19568541450', NULL, NULL, 2, NULL, 0, 1, '2025-12-03 15:23:34', '2025-12-05 23:03:51', NULL);
INSERT INTO `biz_transports` (`id`, `transport_no`, `goods_id`, `quantity`, `origin`, `destination`, `carrier`, `vehicle_no`, `driver_name`, `driver_phone`, `start_time`, `end_time`, `status`, `remarks`, `is_deleted`, `created_by`, `created_at`, `updated_at`, `customer_name`) VALUES (32, 'T20250032', 15, 52, '中山', '青岛', '百世快运', '京G65592', '卞中谦', '18150719708', NULL, NULL, 1, NULL, 0, 1, '2025-12-03 15:23:34', '2025-12-05 23:03:51', NULL);
INSERT INTO `biz_transports` (`id`, `transport_no`, `goods_id`, `quantity`, `origin`, `destination`, `carrier`, `vehicle_no`, `driver_name`, `driver_phone`, `start_time`, `end_time`, `status`, `remarks`, `is_deleted`, `created_by`, `created_at`, `updated_at`, `customer_name`) VALUES (33, 'T20250033', 20, 484, '沈阳', '南通', '德邦快递', '京E43197', '盛江', '18415690368', NULL, NULL, 3, NULL, 0, 1, '2025-12-03 15:23:34', '2025-12-05 23:03:51', NULL);
INSERT INTO `biz_transports` (`id`, `transport_no`, `goods_id`, `quantity`, `origin`, `destination`, `carrier`, `vehicle_no`, `driver_name`, `driver_phone`, `start_time`, `end_time`, `status`, `remarks`, `is_deleted`, `created_by`, `created_at`, `updated_at`, `customer_name`) VALUES (34, 'T20250034', 5, 462, '昆明', '上海', '顺丰速运', '京E71292', '邱文', '17208656422', NULL, NULL, 4, NULL, 0, 1, '2025-12-03 15:23:34', '2025-12-05 23:03:51', NULL);
INSERT INTO `biz_transports` (`id`, `transport_no`, `goods_id`, `quantity`, `origin`, `destination`, `carrier`, `vehicle_no`, `driver_name`, `driver_phone`, `start_time`, `end_time`, `status`, `remarks`, `is_deleted`, `created_by`, `created_at`, `updated_at`, `customer_name`) VALUES (35, 'T20250035', 30, 299, '宁波', '天津', '申通快递', '京B16478', '龚光永', '17012181567', NULL, NULL, 2, NULL, 0, 1, '2025-12-03 15:23:34', '2025-12-05 23:03:51', NULL);
INSERT INTO `biz_transports` (`id`, `transport_no`, `goods_id`, `quantity`, `origin`, `destination`, `carrier`, `vehicle_no`, `driver_name`, `driver_phone`, `start_time`, `end_time`, `status`, `remarks`, `is_deleted`, `created_by`, `created_at`, `updated_at`, `customer_name`) VALUES (36, 'T20250036', 1, 53, '广州', '长春', '德邦快递', '京A16397', '石伯', '15430190049', NULL, NULL, 1, NULL, 0, 1, '2025-12-03 15:23:34', '2025-12-05 23:03:51', NULL);
INSERT INTO `biz_transports` (`id`, `transport_no`, `goods_id`, `quantity`, `origin`, `destination`, `carrier`, `vehicle_no`, `driver_name`, `driver_phone`, `start_time`, `end_time`, `status`, `remarks`, `is_deleted`, `created_by`, `created_at`, `updated_at`, `customer_name`) VALUES (37, 'T20250037', 37, 272, '南昌', '杭州', '天天快递', '京D72478', '韩顺', '17954021979', NULL, NULL, 1, NULL, 0, 1, '2025-12-03 15:23:34', '2025-12-05 23:03:51', NULL);
INSERT INTO `biz_transports` (`id`, `transport_no`, `goods_id`, `quantity`, `origin`, `destination`, `carrier`, `vehicle_no`, `driver_name`, `driver_phone`, `start_time`, `end_time`, `status`, `remarks`, `is_deleted`, `created_by`, `created_at`, `updated_at`, `customer_name`) VALUES (38, 'T20250038', 15, 108, '乌鲁木齐', '南通', '京东物流', '京H26183', '酆山', '18824667742', NULL, NULL, 3, NULL, 0, 1, '2025-12-03 15:23:34', '2025-12-05 23:03:51', NULL);
INSERT INTO `biz_transports` (`id`, `transport_no`, `goods_id`, `quantity`, `origin`, `destination`, `carrier`, `vehicle_no`, `driver_name`, `driver_phone`, `start_time`, `end_time`, `status`, `remarks`, `is_deleted`, `created_by`, `created_at`, `updated_at`, `customer_name`) VALUES (39, 'T20250039', 38, 461, '温州', '杭州', '安能物流', '京B42152', '杜旭栋', '19412836091', NULL, NULL, 0, NULL, 0, 1, '2025-12-03 15:23:34', '2025-12-05 23:03:51', NULL);
INSERT INTO `biz_transports` (`id`, `transport_no`, `goods_id`, `quantity`, `origin`, `destination`, `carrier`, `vehicle_no`, `driver_name`, `driver_phone`, `start_time`, `end_time`, `status`, `remarks`, `is_deleted`, `created_by`, `created_at`, `updated_at`, `customer_name`) VALUES (40, 'T20250040', 16, 273, '福州', '石家庄', '京东物流', '京E53834', '解海', '13273743197', NULL, NULL, 1, NULL, 0, 1, '2025-12-03 15:23:34', '2025-12-05 23:03:51', NULL);
INSERT INTO `biz_transports` (`id`, `transport_no`, `goods_id`, `quantity`, `origin`, `destination`, `carrier`, `vehicle_no`, `driver_name`, `driver_phone`, `start_time`, `end_time`, `status`, `remarks`, `is_deleted`, `created_by`, `created_at`, `updated_at`, `customer_name`) VALUES (41, 'T20250041', 44, 472, '徐州', '常州', '安能物流', '京G53890', '魏奇', '13519005755', NULL, NULL, 3, NULL, 0, 1, '2025-12-03 15:23:34', '2025-12-05 23:03:51', NULL);
INSERT INTO `biz_transports` (`id`, `transport_no`, `goods_id`, `quantity`, `origin`, `destination`, `carrier`, `vehicle_no`, `driver_name`, `driver_phone`, `start_time`, `end_time`, `status`, `remarks`, `is_deleted`, `created_by`, `created_at`, `updated_at`, `customer_name`) VALUES (42, 'T20250042', 33, 398, '西安', '常州', '百世快运', '京C69821', '汤致榕', '13957676607', NULL, NULL, 4, NULL, 0, 1, '2025-12-03 15:23:34', '2025-12-05 23:03:51', NULL);
INSERT INTO `biz_transports` (`id`, `transport_no`, `goods_id`, `quantity`, `origin`, `destination`, `carrier`, `vehicle_no`, `driver_name`, `driver_phone`, `start_time`, `end_time`, `status`, `remarks`, `is_deleted`, `created_by`, `created_at`, `updated_at`, `customer_name`) VALUES (43, 'T20250043', 23, 211, '南通', '北京', '宅急送', '京D11590', '穆策克', '13080031327', NULL, NULL, 3, NULL, 0, 1, '2025-12-03 15:23:34', '2025-12-05 23:03:51', NULL);
INSERT INTO `biz_transports` (`id`, `transport_no`, `goods_id`, `quantity`, `origin`, `destination`, `carrier`, `vehicle_no`, `driver_name`, `driver_phone`, `start_time`, `end_time`, `status`, `remarks`, `is_deleted`, `created_by`, `created_at`, `updated_at`, `customer_name`) VALUES (44, 'T20250044', 29, 441, '成都', '沈阳', '申通快递', '京F49803', '戚达树', '17997228001', NULL, NULL, 3, NULL, 0, 1, '2025-12-03 15:23:34', '2025-12-05 23:03:51', NULL);
INSERT INTO `biz_transports` (`id`, `transport_no`, `goods_id`, `quantity`, `origin`, `destination`, `carrier`, `vehicle_no`, `driver_name`, `driver_phone`, `start_time`, `end_time`, `status`, `remarks`, `is_deleted`, `created_by`, `created_at`, `updated_at`, `customer_name`) VALUES (45, 'T20250045', 29, 479, '徐州', '南宁', '中通快递', '京D66013', '禹全顺', '13856992829', NULL, NULL, 1, NULL, 0, 1, '2025-12-03 15:23:34', '2025-12-05 23:03:51', NULL);
INSERT INTO `biz_transports` (`id`, `transport_no`, `goods_id`, `quantity`, `origin`, `destination`, `carrier`, `vehicle_no`, `driver_name`, `driver_phone`, `start_time`, `end_time`, `status`, `remarks`, `is_deleted`, `created_by`, `created_at`, `updated_at`, `customer_name`) VALUES (46, 'T20250046', 4, 404, '昆明', '嘉兴', '安能物流', '京B86150', '钟保', '15945401004', NULL, NULL, 4, NULL, 0, 1, '2025-12-03 15:23:34', '2025-12-05 23:03:51', NULL);
INSERT INTO `biz_transports` (`id`, `transport_no`, `goods_id`, `quantity`, `origin`, `destination`, `carrier`, `vehicle_no`, `driver_name`, `driver_phone`, `start_time`, `end_time`, `status`, `remarks`, `is_deleted`, `created_by`, `created_at`, `updated_at`, `customer_name`) VALUES (47, 'T20250047', 10, 251, '重庆', '天津', '邮政EMS', '京E74011', '戚泰', '18570051112', NULL, NULL, 4, NULL, 0, 1, '2025-12-03 15:23:34', '2025-12-05 23:03:51', NULL);
INSERT INTO `biz_transports` (`id`, `transport_no`, `goods_id`, `quantity`, `origin`, `destination`, `carrier`, `vehicle_no`, `driver_name`, `driver_phone`, `start_time`, `end_time`, `status`, `remarks`, `is_deleted`, `created_by`, `created_at`, `updated_at`, `customer_name`) VALUES (48, 'T20250048', 28, 144, '沈阳', '成都', '德邦快递', '京B73276', '张世', '18233216933', NULL, NULL, 3, NULL, 0, 1, '2025-12-03 15:23:34', '2025-12-05 23:03:51', NULL);
INSERT INTO `biz_transports` (`id`, `transport_no`, `goods_id`, `quantity`, `origin`, `destination`, `carrier`, `vehicle_no`, `driver_name`, `driver_phone`, `start_time`, `end_time`, `status`, `remarks`, `is_deleted`, `created_by`, `created_at`, `updated_at`, `customer_name`) VALUES (49, 'T20250049', 9, 291, '石家庄', '西安', '天天快递', '京G60825', '宣豪', '13219270876', NULL, NULL, 4, NULL, 0, 1, '2025-12-03 15:23:34', '2025-12-05 23:03:51', NULL);
INSERT INTO `biz_transports` (`id`, `transport_no`, `goods_id`, `quantity`, `origin`, `destination`, `carrier`, `vehicle_no`, `driver_name`, `driver_phone`, `start_time`, `end_time`, `status`, `remarks`, `is_deleted`, `created_by`, `created_at`, `updated_at`, `customer_name`) VALUES (50, 'T20250050', 32, 361, '南京', '泉州', '德邦快递', '京B84700', '何谦文', '13462960075', NULL, NULL, 3, NULL, 0, 1, '2025-12-03 15:23:34', '2025-12-05 23:03:51', NULL);
COMMIT;

-- ----------------------------
-- Table structure for sys_login_logs
-- ----------------------------
DROP TABLE IF EXISTS `sys_login_logs`;
CREATE TABLE `sys_login_logs` (
  `id` bigint NOT NULL AUTO_INCREMENT COMMENT '主键',
  `username` varchar(50) DEFAULT NULL COMMENT '用户名',
  `status` tinyint DEFAULT NULL COMMENT '状态',
  `login_time` datetime DEFAULT NULL COMMENT '登录时间',
  `ip_address` varchar(50) DEFAULT NULL COMMENT '登录IP地址',
  `location` varchar(100) DEFAULT NULL COMMENT '登录地点',
  `browser` varchar(50) DEFAULT NULL COMMENT '浏览器类型',
  `os` varchar(50) DEFAULT NULL COMMENT '操作系统',
  `message` varchar(255) DEFAULT NULL COMMENT '提示消息',
  PRIMARY KEY (`id`)
) ENGINE=InnoDB DEFAULT CHARSET=utf8mb4 COLLATE=utf8mb4_0900_ai_ci COMMENT='系统登录日志表：记录用户登录行为（登录时间、IP、状态等），用于安全审计';

-- ----------------------------
-- Records of sys_login_logs
-- ----------------------------
BEGIN;
COMMIT;

-- ----------------------------
-- Table structure for sys_operation_logs
-- ----------------------------
DROP TABLE IF EXISTS `sys_operation_logs`;
CREATE TABLE `sys_operation_logs` (
  `id` bigint NOT NULL AUTO_INCREMENT COMMENT '主键',
  `username` varchar(50) DEFAULT NULL COMMENT '用户名',
  `operation` varchar(50) DEFAULT NULL COMMENT '操作',
  `operation_time` datetime DEFAULT NULL COMMENT '操作时间',
  `user_id` bigint DEFAULT NULL COMMENT '操作用户ID',
  `module` varchar(50) DEFAULT NULL COMMENT '操作模块',
  `method` varchar(100) DEFAULT NULL COMMENT '请求方法',
  `url` varchar(255) DEFAULT NULL COMMENT '请求URL',
  `ip_address` varchar(50) DEFAULT NULL COMMENT '请求IP',
  `params` text COMMENT '请求参数',
  `result` text COMMENT '返回结果',
  `status` tinyint DEFAULT '1' COMMENT '操作状态: 1-成功, 0-失败',
  `error_msg` text COMMENT '错误信息',
  PRIMARY KEY (`id`)
) ENGINE=InnoDB AUTO_INCREMENT=29 DEFAULT CHARSET=utf8mb4 COLLATE=utf8mb4_0900_ai_ci COMMENT='系统操作日志表：记录用户业务操作行为（新增/修改/删除数据），用于操作追溯';

-- ----------------------------
-- Records of sys_operation_logs
-- ----------------------------
BEGIN;
INSERT INTO `sys_operation_logs` (`id`, `username`, `operation`, `operation_time`, `user_id`, `module`, `method`, `url`, `ip_address`, `params`, `result`, `status`, `error_msg`) VALUES (17, 'admin', '获取当前用户', '2025-12-09 01:35:55', 1, '认证管理', 'com.app.springbootcargovision.controller.AuthController.getCurrentUser()', '/api/v1/auth/me', '0:0:0:0:0:0:0:1', NULL, '{\"code\":200,\"message\":\"成功\",\"data\":{\"id\":1,\"username\":\"admin\",\"idCard\":\"110***********0001\",\"name\":\"李飞翔\",\"avatar\":null,\"email\":\"admin@cargovision.com\",\"phone\":\"138****8000\",\"status\":1,\"lastPasswordResetTime\":\"2025-12-08T23:57:33\",\"lastLoginTime\":null,\"lastLoginIp\":null,\"isDeleted\":0,\"createdAt\":\"2025-12-03T15:23:34\",\"updatedAt\":\"2025-12-08T23:57:33\",\"roleId\":null,\"roles\":[{\"id\":1,\"roleName\":\"超级root\",\"roleCode\":\"admin\",\"description\":null,\"createdAt\":null,\"updatedAt\":null,\"permissions\":null,\"name\":\"超级root\"}],\"permissions\":[\"biz:detectc:list\",\"sys:manage\",\"sys:user:list\",\"sys:user:add\",\"sys:user:edit\",\"sys:user:delete\",\"sys:role:list\",\"sys:role:add\",\"sys:role:edit\",\"sys:role:delete\",\"biz:manage\",\"biz:goods:list\",\"biz:goods:add\",\"biz:trans:list\",\"biz:detect:list\",\"dashboard\",\"sys:permission:list\",\"permission:edit\",\"permission:add\",\"permission:delete\",\"biz:goods:edit\",\"biz:goods:delete\",\"biz:trans:add\",\"biz:trans:edit\",\"biz:trans:delete\",\"biz:detect:add\",\"sys:log:list\",\"sys:log:crud\",\"sys:login:list\"],\"roleName\":\"超级root\",\"statusName\":\"正常\"}}', 1, NULL);
INSERT INTO `sys_operation_logs` (`id`, `username`, `operation`, `operation_time`, `user_id`, `module`, `method`, `url`, `ip_address`, `params`, `result`, `status`, `error_msg`) VALUES (18, 'admin', '获取当前用户', '2025-12-09 01:35:55', 1, '认证管理', 'com.app.springbootcargovision.controller.AuthController.getCurrentUser()', '/api/v1/auth/me', '0:0:0:0:0:0:0:1', NULL, '{\"code\":200,\"message\":\"成功\",\"data\":{\"id\":1,\"username\":\"admin\",\"idCard\":\"110***********0001\",\"name\":\"李飞翔\",\"avatar\":null,\"email\":\"admin@cargovision.com\",\"phone\":\"138****8000\",\"status\":1,\"lastPasswordResetTime\":\"2025-12-08T23:57:33\",\"lastLoginTime\":null,\"lastLoginIp\":null,\"isDeleted\":0,\"createdAt\":\"2025-12-03T15:23:34\",\"updatedAt\":\"2025-12-08T23:57:33\",\"roleId\":null,\"roles\":[{\"id\":1,\"roleName\":\"超级root\",\"roleCode\":\"admin\",\"description\":null,\"createdAt\":null,\"updatedAt\":null,\"permissions\":null,\"name\":\"超级root\"}],\"permissions\":[\"biz:detectc:list\",\"sys:manage\",\"sys:user:list\",\"sys:user:add\",\"sys:user:edit\",\"sys:user:delete\",\"sys:role:list\",\"sys:role:add\",\"sys:role:edit\",\"sys:role:delete\",\"biz:manage\",\"biz:goods:list\",\"biz:goods:add\",\"biz:trans:list\",\"biz:detect:list\",\"dashboard\",\"sys:permission:list\",\"permission:edit\",\"permission:add\",\"permission:delete\",\"biz:goods:edit\",\"biz:goods:delete\",\"biz:trans:add\",\"biz:trans:edit\",\"biz:trans:delete\",\"biz:detect:add\",\"sys:log:list\",\"sys:log:crud\",\"sys:login:list\"],\"roleName\":\"超级root\",\"statusName\":\"正常\"}}', 1, NULL);
INSERT INTO `sys_operation_logs` (`id`, `username`, `operation`, `operation_time`, `user_id`, `module`, `method`, `url`, `ip_address`, `params`, `result`, `status`, `error_msg`) VALUES (19, 'admin', '获取权限树', '2025-12-09 01:35:55', 1, '权限管理', 'com.app.springbootcargovision.controller.SysPermissionController.getPermissionTree()', '/api/v1/permissions/tree', '0:0:0:0:0:0:0:1', NULL, '{\"code\":200,\"message\":\"成功\",\"data\":[{\"id\":1,\"parentId\":0,\"name\":\"系统管理\",\"code\":\"sys:manage\",\"type\":1,\"path\":\"/system\",\"component\":\"MainLayout\",\"icon\":\"setting\",\"sortOrder\":0,\"createdAt\":\"2025-12-03T15:23:34\",\"updatedAt\":\"2025-12-05T20:49:18\",\"children\":[{\"id\":2,\"parentId\":1,\"name\":\"用户管理\",\"code\":\"sys:user:list\",\"type\":1,\"path\":\"/system/user\",\"component\":\"users/UserManagement\",\"icon\":\"user\",\"sortOrder\":0,\"createdAt\":\"2025-12-03T15:23:34\",\"updatedAt\":\"2025-12-03T22:16:20\",\"children\":[{\"id\":3,\"parentId\":2,\"name\":\"用户新增\",\"code\":\"sys:user:add\",\"type\":2,\"path\":\"\",\"component\":\"\",\"icon\":\"\",\"sortOrder\":0,\"createdAt\":\"2025-12-03T15:23:34\",\"updatedAt\":\"2025-12-03T15:23:34\",\"children\":null},{\"id\":4,\"parentId\":2,\"name\":\"用户修改\",\"code\":\"sys:user:edit\",\"type\":2,\"path\":\"\",\"component\":\"\",\"icon\":\"\",\"sortOrder\":0,\"createdAt\":\"2025-12-03T15:23:34\",\"updatedAt\":\"2025-12-03T15:23:34\",\"children\":null},{\"id\":5,\"parentId\":2,\"name\":\"用户删除\",\"code\":\"sys:user:delete\",\"type\":2,\"path\":\"\",\"component\":\"\",\"icon\":\"\",\"sortOrder\":0,\"createdAt\":\"2025-12-03T15:23:34\",\"updatedAt\":\"2025-12-03T15:23:34\",\"children\":null}]},{\"id\":6,\"parentId\":1,\"name\":\"角色管理\",\"code\":\"sys:role:list\",\"type\":1,\"path\":\"/system/role\",\"component\":\"users/RoleManagement\",\"icon\":\"peoples\",\"sortOrder\":0,\"createdAt\":\"2025-12-03T15:23:34\",\"updatedAt\":\"2025-12-03T22:16:20\",\"children\":[{\"id\":7,\"parentId\":6,\"name\":\"角色新增\",\"code\":\"sys:role:add\",\"type\":2,\"path\":\"\",\"component\":\"\",\"icon\":\"\",\"sortOrder\":0,\"createdAt\":\"2025-12-03T15:23:34\",\"updatedAt\":\"2025-12-03T15:23:34\",\"children\":null},{\"id\":8,\"parentId\":6,\"name\":\"角色修改\",\"code\":\"sys:role:edit\",\"type\":2,\"path\":\"\",\"component\":\"\",\"icon\":\"\",\"sortOrder\":0,\"createdAt\":\"2025-12-03T15:23:34\",\"updatedAt\":\"2025-12-03T15:23:34\",\"children\":null},{\"id\":9,\"parentId\":6,\"name\":\"角色删除\",\"code\":\"sys:role:delete\",\"type\":2,\"path\":\"\",\"component\":\"\",\"icon\":\"\",\"sortOrder\":0,\"createdAt\":\"2025-12-03T15:23:34\",\"updatedAt\":\"2025-12-03T15:23:34\",\"children\":null}]},{\"id\":16,\"parentId\":1,\"name\":\"权限管理\",\"code\":\"sys:permission:list\",\"typ', 1, NULL);
INSERT INTO `sys_operation_logs` (`id`, `username`, `operation`, `operation_time`, `user_id`, `module`, `method`, `url`, `ip_address`, `params`, `result`, `status`, `error_msg`) VALUES (20, 'admin', '获取权限树', '2025-12-09 01:35:55', 1, '权限管理', 'com.app.springbootcargovision.controller.SysPermissionController.getPermissionTree()', '/api/v1/permissions/tree', '0:0:0:0:0:0:0:1', NULL, '{\"code\":200,\"message\":\"成功\",\"data\":[{\"id\":1,\"parentId\":0,\"name\":\"系统管理\",\"code\":\"sys:manage\",\"type\":1,\"path\":\"/system\",\"component\":\"MainLayout\",\"icon\":\"setting\",\"sortOrder\":0,\"createdAt\":\"2025-12-03T15:23:34\",\"updatedAt\":\"2025-12-05T20:49:18\",\"children\":[{\"id\":2,\"parentId\":1,\"name\":\"用户管理\",\"code\":\"sys:user:list\",\"type\":1,\"path\":\"/system/user\",\"component\":\"users/UserManagement\",\"icon\":\"user\",\"sortOrder\":0,\"createdAt\":\"2025-12-03T15:23:34\",\"updatedAt\":\"2025-12-03T22:16:20\",\"children\":[{\"id\":3,\"parentId\":2,\"name\":\"用户新增\",\"code\":\"sys:user:add\",\"type\":2,\"path\":\"\",\"component\":\"\",\"icon\":\"\",\"sortOrder\":0,\"createdAt\":\"2025-12-03T15:23:34\",\"updatedAt\":\"2025-12-03T15:23:34\",\"children\":null},{\"id\":4,\"parentId\":2,\"name\":\"用户修改\",\"code\":\"sys:user:edit\",\"type\":2,\"path\":\"\",\"component\":\"\",\"icon\":\"\",\"sortOrder\":0,\"createdAt\":\"2025-12-03T15:23:34\",\"updatedAt\":\"2025-12-03T15:23:34\",\"children\":null},{\"id\":5,\"parentId\":2,\"name\":\"用户删除\",\"code\":\"sys:user:delete\",\"type\":2,\"path\":\"\",\"component\":\"\",\"icon\":\"\",\"sortOrder\":0,\"createdAt\":\"2025-12-03T15:23:34\",\"updatedAt\":\"2025-12-03T15:23:34\",\"children\":null}]},{\"id\":6,\"parentId\":1,\"name\":\"角色管理\",\"code\":\"sys:role:list\",\"type\":1,\"path\":\"/system/role\",\"component\":\"users/RoleManagement\",\"icon\":\"peoples\",\"sortOrder\":0,\"createdAt\":\"2025-12-03T15:23:34\",\"updatedAt\":\"2025-12-03T22:16:20\",\"children\":[{\"id\":7,\"parentId\":6,\"name\":\"角色新增\",\"code\":\"sys:role:add\",\"type\":2,\"path\":\"\",\"component\":\"\",\"icon\":\"\",\"sortOrder\":0,\"createdAt\":\"2025-12-03T15:23:34\",\"updatedAt\":\"2025-12-03T15:23:34\",\"children\":null},{\"id\":8,\"parentId\":6,\"name\":\"角色修改\",\"code\":\"sys:role:edit\",\"type\":2,\"path\":\"\",\"component\":\"\",\"icon\":\"\",\"sortOrder\":0,\"createdAt\":\"2025-12-03T15:23:34\",\"updatedAt\":\"2025-12-03T15:23:34\",\"children\":null},{\"id\":9,\"parentId\":6,\"name\":\"角色删除\",\"code\":\"sys:role:delete\",\"type\":2,\"path\":\"\",\"component\":\"\",\"icon\":\"\",\"sortOrder\":0,\"createdAt\":\"2025-12-03T15:23:34\",\"updatedAt\":\"2025-12-03T15:23:34\",\"children\":null}]},{\"id\":16,\"parentId\":1,\"name\":\"权限管理\",\"code\":\"sys:permission:list\",\"typ', 1, NULL);
INSERT INTO `sys_operation_logs` (`id`, `username`, `operation`, `operation_time`, `user_id`, `module`, `method`, `url`, `ip_address`, `params`, `result`, `status`, `error_msg`) VALUES (21, 'admin', '获取当前用户', '2025-12-09 01:36:07', 1, '认证管理', 'com.app.springbootcargovision.controller.AuthController.getCurrentUser()', '/api/v1/auth/me', '0:0:0:0:0:0:0:1', NULL, '{\"code\":200,\"message\":\"成功\",\"data\":{\"id\":1,\"username\":\"admin\",\"idCard\":\"110***********0001\",\"name\":\"李飞翔\",\"avatar\":null,\"email\":\"admin@cargovision.com\",\"phone\":\"138****8000\",\"status\":1,\"lastPasswordResetTime\":\"2025-12-08T23:57:33\",\"lastLoginTime\":null,\"lastLoginIp\":null,\"isDeleted\":0,\"createdAt\":\"2025-12-03T15:23:34\",\"updatedAt\":\"2025-12-08T23:57:33\",\"roleId\":null,\"roles\":[{\"id\":1,\"roleName\":\"超级root\",\"roleCode\":\"admin\",\"description\":null,\"createdAt\":null,\"updatedAt\":null,\"permissions\":null,\"name\":\"超级root\"}],\"permissions\":[\"biz:detectc:list\",\"sys:manage\",\"sys:user:list\",\"sys:user:add\",\"sys:user:edit\",\"sys:user:delete\",\"sys:role:list\",\"sys:role:add\",\"sys:role:edit\",\"sys:role:delete\",\"biz:manage\",\"biz:goods:list\",\"biz:goods:add\",\"biz:trans:list\",\"biz:detect:list\",\"dashboard\",\"sys:permission:list\",\"permission:edit\",\"permission:add\",\"permission:delete\",\"biz:goods:edit\",\"biz:goods:delete\",\"biz:trans:add\",\"biz:trans:edit\",\"biz:trans:delete\",\"biz:detect:add\",\"sys:log:list\",\"sys:log:crud\",\"sys:login:list\"],\"roleName\":\"超级root\",\"statusName\":\"正常\"}}', 1, NULL);
INSERT INTO `sys_operation_logs` (`id`, `username`, `operation`, `operation_time`, `user_id`, `module`, `method`, `url`, `ip_address`, `params`, `result`, `status`, `error_msg`) VALUES (22, 'admin', '获取权限树', '2025-12-09 01:36:07', 1, '权限管理', 'com.app.springbootcargovision.controller.SysPermissionController.getPermissionTree()', '/api/v1/permissions/tree', '0:0:0:0:0:0:0:1', NULL, '{\"code\":200,\"message\":\"成功\",\"data\":[{\"id\":1,\"parentId\":0,\"name\":\"系统管理\",\"code\":\"sys:manage\",\"type\":1,\"path\":\"/system\",\"component\":\"MainLayout\",\"icon\":\"setting\",\"sortOrder\":0,\"createdAt\":\"2025-12-03T15:23:34\",\"updatedAt\":\"2025-12-05T20:49:18\",\"children\":[{\"id\":2,\"parentId\":1,\"name\":\"用户管理\",\"code\":\"sys:user:list\",\"type\":1,\"path\":\"/system/user\",\"component\":\"users/UserManagement\",\"icon\":\"user\",\"sortOrder\":0,\"createdAt\":\"2025-12-03T15:23:34\",\"updatedAt\":\"2025-12-03T22:16:20\",\"children\":[{\"id\":3,\"parentId\":2,\"name\":\"用户新增\",\"code\":\"sys:user:add\",\"type\":2,\"path\":\"\",\"component\":\"\",\"icon\":\"\",\"sortOrder\":0,\"createdAt\":\"2025-12-03T15:23:34\",\"updatedAt\":\"2025-12-03T15:23:34\",\"children\":null},{\"id\":4,\"parentId\":2,\"name\":\"用户修改\",\"code\":\"sys:user:edit\",\"type\":2,\"path\":\"\",\"component\":\"\",\"icon\":\"\",\"sortOrder\":0,\"createdAt\":\"2025-12-03T15:23:34\",\"updatedAt\":\"2025-12-03T15:23:34\",\"children\":null},{\"id\":5,\"parentId\":2,\"name\":\"用户删除\",\"code\":\"sys:user:delete\",\"type\":2,\"path\":\"\",\"component\":\"\",\"icon\":\"\",\"sortOrder\":0,\"createdAt\":\"2025-12-03T15:23:34\",\"updatedAt\":\"2025-12-03T15:23:34\",\"children\":null}]},{\"id\":6,\"parentId\":1,\"name\":\"角色管理\",\"code\":\"sys:role:list\",\"type\":1,\"path\":\"/system/role\",\"component\":\"users/RoleManagement\",\"icon\":\"peoples\",\"sortOrder\":0,\"createdAt\":\"2025-12-03T15:23:34\",\"updatedAt\":\"2025-12-03T22:16:20\",\"children\":[{\"id\":7,\"parentId\":6,\"name\":\"角色新增\",\"code\":\"sys:role:add\",\"type\":2,\"path\":\"\",\"component\":\"\",\"icon\":\"\",\"sortOrder\":0,\"createdAt\":\"2025-12-03T15:23:34\",\"updatedAt\":\"2025-12-03T15:23:34\",\"children\":null},{\"id\":8,\"parentId\":6,\"name\":\"角色修改\",\"code\":\"sys:role:edit\",\"type\":2,\"path\":\"\",\"component\":\"\",\"icon\":\"\",\"sortOrder\":0,\"createdAt\":\"2025-12-03T15:23:34\",\"updatedAt\":\"2025-12-03T15:23:34\",\"children\":null},{\"id\":9,\"parentId\":6,\"name\":\"角色删除\",\"code\":\"sys:role:delete\",\"type\":2,\"path\":\"\",\"component\":\"\",\"icon\":\"\",\"sortOrder\":0,\"createdAt\":\"2025-12-03T15:23:34\",\"updatedAt\":\"2025-12-03T15:23:34\",\"children\":null}]},{\"id\":16,\"parentId\":1,\"name\":\"权限管理\",\"code\":\"sys:permission:list\",\"typ', 1, NULL);
INSERT INTO `sys_operation_logs` (`id`, `username`, `operation`, `operation_time`, `user_id`, `module`, `method`, `url`, `ip_address`, `params`, `result`, `status`, `error_msg`) VALUES (23, 'admin', '获取权限树', '2025-12-09 01:36:07', 1, '权限管理', 'com.app.springbootcargovision.controller.SysPermissionController.getPermissionTree()', '/api/v1/permissions/tree', '0:0:0:0:0:0:0:1', NULL, '{\"code\":200,\"message\":\"成功\",\"data\":[{\"id\":1,\"parentId\":0,\"name\":\"系统管理\",\"code\":\"sys:manage\",\"type\":1,\"path\":\"/system\",\"component\":\"MainLayout\",\"icon\":\"setting\",\"sortOrder\":0,\"createdAt\":\"2025-12-03T15:23:34\",\"updatedAt\":\"2025-12-05T20:49:18\",\"children\":[{\"id\":2,\"parentId\":1,\"name\":\"用户管理\",\"code\":\"sys:user:list\",\"type\":1,\"path\":\"/system/user\",\"component\":\"users/UserManagement\",\"icon\":\"user\",\"sortOrder\":0,\"createdAt\":\"2025-12-03T15:23:34\",\"updatedAt\":\"2025-12-03T22:16:20\",\"children\":[{\"id\":3,\"parentId\":2,\"name\":\"用户新增\",\"code\":\"sys:user:add\",\"type\":2,\"path\":\"\",\"component\":\"\",\"icon\":\"\",\"sortOrder\":0,\"createdAt\":\"2025-12-03T15:23:34\",\"updatedAt\":\"2025-12-03T15:23:34\",\"children\":null},{\"id\":4,\"parentId\":2,\"name\":\"用户修改\",\"code\":\"sys:user:edit\",\"type\":2,\"path\":\"\",\"component\":\"\",\"icon\":\"\",\"sortOrder\":0,\"createdAt\":\"2025-12-03T15:23:34\",\"updatedAt\":\"2025-12-03T15:23:34\",\"children\":null},{\"id\":5,\"parentId\":2,\"name\":\"用户删除\",\"code\":\"sys:user:delete\",\"type\":2,\"path\":\"\",\"component\":\"\",\"icon\":\"\",\"sortOrder\":0,\"createdAt\":\"2025-12-03T15:23:34\",\"updatedAt\":\"2025-12-03T15:23:34\",\"children\":null}]},{\"id\":6,\"parentId\":1,\"name\":\"角色管理\",\"code\":\"sys:role:list\",\"type\":1,\"path\":\"/system/role\",\"component\":\"users/RoleManagement\",\"icon\":\"peoples\",\"sortOrder\":0,\"createdAt\":\"2025-12-03T15:23:34\",\"updatedAt\":\"2025-12-03T22:16:20\",\"children\":[{\"id\":7,\"parentId\":6,\"name\":\"角色新增\",\"code\":\"sys:role:add\",\"type\":2,\"path\":\"\",\"component\":\"\",\"icon\":\"\",\"sortOrder\":0,\"createdAt\":\"2025-12-03T15:23:34\",\"updatedAt\":\"2025-12-03T15:23:34\",\"children\":null},{\"id\":8,\"parentId\":6,\"name\":\"角色修改\",\"code\":\"sys:role:edit\",\"type\":2,\"path\":\"\",\"component\":\"\",\"icon\":\"\",\"sortOrder\":0,\"createdAt\":\"2025-12-03T15:23:34\",\"updatedAt\":\"2025-12-03T15:23:34\",\"children\":null},{\"id\":9,\"parentId\":6,\"name\":\"角色删除\",\"code\":\"sys:role:delete\",\"type\":2,\"path\":\"\",\"component\":\"\",\"icon\":\"\",\"sortOrder\":0,\"createdAt\":\"2025-12-03T15:23:34\",\"updatedAt\":\"2025-12-03T15:23:34\",\"children\":null}]},{\"id\":16,\"parentId\":1,\"name\":\"权限管理\",\"code\":\"sys:permission:list\",\"typ', 1, NULL);
INSERT INTO `sys_operation_logs` (`id`, `username`, `operation`, `operation_time`, `user_id`, `module`, `method`, `url`, `ip_address`, `params`, `result`, `status`, `error_msg`) VALUES (24, 'admin', '用户登出', '2025-12-09 01:36:09', 1, '认证管理', 'com.app.springbootcargovision.controller.AuthController.logout()', '/api/v1/auth/logout', '0:0:0:0:0:0:0:1', NULL, '{\"code\":200,\"message\":\"成功\",\"data\":\"Logged out successfully\"}', 1, NULL);
INSERT INTO `sys_operation_logs` (`id`, `username`, `operation`, `operation_time`, `user_id`, `module`, `method`, `url`, `ip_address`, `params`, `result`, `status`, `error_msg`) VALUES (25, 'admin', '获取当前用户', '2025-12-09 01:36:15', 1, '认证管理', 'com.app.springbootcargovision.controller.AuthController.getCurrentUser()', '/api/v1/auth/me', '0:0:0:0:0:0:0:1', NULL, '{\"code\":200,\"message\":\"成功\",\"data\":{\"id\":1,\"username\":\"admin\",\"idCard\":\"110***********0001\",\"name\":\"李飞翔\",\"avatar\":null,\"email\":\"admin@cargovision.com\",\"phone\":\"138****8000\",\"status\":1,\"lastPasswordResetTime\":\"2025-12-08T23:57:33\",\"lastLoginTime\":null,\"lastLoginIp\":null,\"isDeleted\":0,\"createdAt\":\"2025-12-03T15:23:34\",\"updatedAt\":\"2025-12-08T23:57:33\",\"roleId\":null,\"roles\":[{\"id\":1,\"roleName\":\"超级root\",\"roleCode\":\"admin\",\"description\":null,\"createdAt\":null,\"updatedAt\":null,\"permissions\":null,\"name\":\"超级root\"}],\"permissions\":[\"biz:detectc:list\",\"sys:manage\",\"sys:user:list\",\"sys:user:add\",\"sys:user:edit\",\"sys:user:delete\",\"sys:role:list\",\"sys:role:add\",\"sys:role:edit\",\"sys:role:delete\",\"biz:manage\",\"biz:goods:list\",\"biz:goods:add\",\"biz:trans:list\",\"biz:detect:list\",\"dashboard\",\"sys:permission:list\",\"permission:edit\",\"permission:add\",\"permission:delete\",\"biz:goods:edit\",\"biz:goods:delete\",\"biz:trans:add\",\"biz:trans:edit\",\"biz:trans:delete\",\"biz:detect:add\",\"sys:log:list\",\"sys:log:crud\",\"sys:login:list\"],\"roleName\":\"超级root\",\"statusName\":\"正常\"}}', 1, NULL);
INSERT INTO `sys_operation_logs` (`id`, `username`, `operation`, `operation_time`, `user_id`, `module`, `method`, `url`, `ip_address`, `params`, `result`, `status`, `error_msg`) VALUES (26, 'admin', '获取当前用户', '2025-12-09 01:36:15', 1, '认证管理', 'com.app.springbootcargovision.controller.AuthController.getCurrentUser()', '/api/v1/auth/me', '0:0:0:0:0:0:0:1', NULL, '{\"code\":200,\"message\":\"成功\",\"data\":{\"id\":1,\"username\":\"admin\",\"idCard\":\"110***********0001\",\"name\":\"李飞翔\",\"avatar\":null,\"email\":\"admin@cargovision.com\",\"phone\":\"138****8000\",\"status\":1,\"lastPasswordResetTime\":\"2025-12-08T23:57:33\",\"lastLoginTime\":null,\"lastLoginIp\":null,\"isDeleted\":0,\"createdAt\":\"2025-12-03T15:23:34\",\"updatedAt\":\"2025-12-08T23:57:33\",\"roleId\":null,\"roles\":[{\"id\":1,\"roleName\":\"超级root\",\"roleCode\":\"admin\",\"description\":null,\"createdAt\":null,\"updatedAt\":null,\"permissions\":null,\"name\":\"超级root\"}],\"permissions\":[\"biz:detectc:list\",\"sys:manage\",\"sys:user:list\",\"sys:user:add\",\"sys:user:edit\",\"sys:user:delete\",\"sys:role:list\",\"sys:role:add\",\"sys:role:edit\",\"sys:role:delete\",\"biz:manage\",\"biz:goods:list\",\"biz:goods:add\",\"biz:trans:list\",\"biz:detect:list\",\"dashboard\",\"sys:permission:list\",\"permission:edit\",\"permission:add\",\"permission:delete\",\"biz:goods:edit\",\"biz:goods:delete\",\"biz:trans:add\",\"biz:trans:edit\",\"biz:trans:delete\",\"biz:detect:add\",\"sys:log:list\",\"sys:log:crud\",\"sys:login:list\"],\"roleName\":\"超级root\",\"statusName\":\"正常\"}}', 1, NULL);
INSERT INTO `sys_operation_logs` (`id`, `username`, `operation`, `operation_time`, `user_id`, `module`, `method`, `url`, `ip_address`, `params`, `result`, `status`, `error_msg`) VALUES (27, 'admin', '获取权限树', '2025-12-09 01:36:15', 1, '权限管理', 'com.app.springbootcargovision.controller.SysPermissionController.getPermissionTree()', '/api/v1/permissions/tree', '0:0:0:0:0:0:0:1', NULL, '{\"code\":200,\"message\":\"成功\",\"data\":[{\"id\":1,\"parentId\":0,\"name\":\"系统管理\",\"code\":\"sys:manage\",\"type\":1,\"path\":\"/system\",\"component\":\"MainLayout\",\"icon\":\"setting\",\"sortOrder\":0,\"createdAt\":\"2025-12-03T15:23:34\",\"updatedAt\":\"2025-12-05T20:49:18\",\"children\":[{\"id\":2,\"parentId\":1,\"name\":\"用户管理\",\"code\":\"sys:user:list\",\"type\":1,\"path\":\"/system/user\",\"component\":\"users/UserManagement\",\"icon\":\"user\",\"sortOrder\":0,\"createdAt\":\"2025-12-03T15:23:34\",\"updatedAt\":\"2025-12-03T22:16:20\",\"children\":[{\"id\":3,\"parentId\":2,\"name\":\"用户新增\",\"code\":\"sys:user:add\",\"type\":2,\"path\":\"\",\"component\":\"\",\"icon\":\"\",\"sortOrder\":0,\"createdAt\":\"2025-12-03T15:23:34\",\"updatedAt\":\"2025-12-03T15:23:34\",\"children\":null},{\"id\":4,\"parentId\":2,\"name\":\"用户修改\",\"code\":\"sys:user:edit\",\"type\":2,\"path\":\"\",\"component\":\"\",\"icon\":\"\",\"sortOrder\":0,\"createdAt\":\"2025-12-03T15:23:34\",\"updatedAt\":\"2025-12-03T15:23:34\",\"children\":null},{\"id\":5,\"parentId\":2,\"name\":\"用户删除\",\"code\":\"sys:user:delete\",\"type\":2,\"path\":\"\",\"component\":\"\",\"icon\":\"\",\"sortOrder\":0,\"createdAt\":\"2025-12-03T15:23:34\",\"updatedAt\":\"2025-12-03T15:23:34\",\"children\":null}]},{\"id\":6,\"parentId\":1,\"name\":\"角色管理\",\"code\":\"sys:role:list\",\"type\":1,\"path\":\"/system/role\",\"component\":\"users/RoleManagement\",\"icon\":\"peoples\",\"sortOrder\":0,\"createdAt\":\"2025-12-03T15:23:34\",\"updatedAt\":\"2025-12-03T22:16:20\",\"children\":[{\"id\":7,\"parentId\":6,\"name\":\"角色新增\",\"code\":\"sys:role:add\",\"type\":2,\"path\":\"\",\"component\":\"\",\"icon\":\"\",\"sortOrder\":0,\"createdAt\":\"2025-12-03T15:23:34\",\"updatedAt\":\"2025-12-03T15:23:34\",\"children\":null},{\"id\":8,\"parentId\":6,\"name\":\"角色修改\",\"code\":\"sys:role:edit\",\"type\":2,\"path\":\"\",\"component\":\"\",\"icon\":\"\",\"sortOrder\":0,\"createdAt\":\"2025-12-03T15:23:34\",\"updatedAt\":\"2025-12-03T15:23:34\",\"children\":null},{\"id\":9,\"parentId\":6,\"name\":\"角色删除\",\"code\":\"sys:role:delete\",\"type\":2,\"path\":\"\",\"component\":\"\",\"icon\":\"\",\"sortOrder\":0,\"createdAt\":\"2025-12-03T15:23:34\",\"updatedAt\":\"2025-12-03T15:23:34\",\"children\":null}]},{\"id\":16,\"parentId\":1,\"name\":\"权限管理\",\"code\":\"sys:permission:list\",\"typ', 1, NULL);
INSERT INTO `sys_operation_logs` (`id`, `username`, `operation`, `operation_time`, `user_id`, `module`, `method`, `url`, `ip_address`, `params`, `result`, `status`, `error_msg`) VALUES (28, 'admin', '获取权限树', '2025-12-09 01:36:16', 1, '权限管理', 'com.app.springbootcargovision.controller.SysPermissionController.getPermissionTree()', '/api/v1/permissions/tree', '0:0:0:0:0:0:0:1', NULL, '{\"code\":200,\"message\":\"成功\",\"data\":[{\"id\":1,\"parentId\":0,\"name\":\"系统管理\",\"code\":\"sys:manage\",\"type\":1,\"path\":\"/system\",\"component\":\"MainLayout\",\"icon\":\"setting\",\"sortOrder\":0,\"createdAt\":\"2025-12-03T15:23:34\",\"updatedAt\":\"2025-12-05T20:49:18\",\"children\":[{\"id\":2,\"parentId\":1,\"name\":\"用户管理\",\"code\":\"sys:user:list\",\"type\":1,\"path\":\"/system/user\",\"component\":\"users/UserManagement\",\"icon\":\"user\",\"sortOrder\":0,\"createdAt\":\"2025-12-03T15:23:34\",\"updatedAt\":\"2025-12-03T22:16:20\",\"children\":[{\"id\":3,\"parentId\":2,\"name\":\"用户新增\",\"code\":\"sys:user:add\",\"type\":2,\"path\":\"\",\"component\":\"\",\"icon\":\"\",\"sortOrder\":0,\"createdAt\":\"2025-12-03T15:23:34\",\"updatedAt\":\"2025-12-03T15:23:34\",\"children\":null},{\"id\":4,\"parentId\":2,\"name\":\"用户修改\",\"code\":\"sys:user:edit\",\"type\":2,\"path\":\"\",\"component\":\"\",\"icon\":\"\",\"sortOrder\":0,\"createdAt\":\"2025-12-03T15:23:34\",\"updatedAt\":\"2025-12-03T15:23:34\",\"children\":null},{\"id\":5,\"parentId\":2,\"name\":\"用户删除\",\"code\":\"sys:user:delete\",\"type\":2,\"path\":\"\",\"component\":\"\",\"icon\":\"\",\"sortOrder\":0,\"createdAt\":\"2025-12-03T15:23:34\",\"updatedAt\":\"2025-12-03T15:23:34\",\"children\":null}]},{\"id\":6,\"parentId\":1,\"name\":\"角色管理\",\"code\":\"sys:role:list\",\"type\":1,\"path\":\"/system/role\",\"component\":\"users/RoleManagement\",\"icon\":\"peoples\",\"sortOrder\":0,\"createdAt\":\"2025-12-03T15:23:34\",\"updatedAt\":\"2025-12-03T22:16:20\",\"children\":[{\"id\":7,\"parentId\":6,\"name\":\"角色新增\",\"code\":\"sys:role:add\",\"type\":2,\"path\":\"\",\"component\":\"\",\"icon\":\"\",\"sortOrder\":0,\"createdAt\":\"2025-12-03T15:23:34\",\"updatedAt\":\"2025-12-03T15:23:34\",\"children\":null},{\"id\":8,\"parentId\":6,\"name\":\"角色修改\",\"code\":\"sys:role:edit\",\"type\":2,\"path\":\"\",\"component\":\"\",\"icon\":\"\",\"sortOrder\":0,\"createdAt\":\"2025-12-03T15:23:34\",\"updatedAt\":\"2025-12-03T15:23:34\",\"children\":null},{\"id\":9,\"parentId\":6,\"name\":\"角色删除\",\"code\":\"sys:role:delete\",\"type\":2,\"path\":\"\",\"component\":\"\",\"icon\":\"\",\"sortOrder\":0,\"createdAt\":\"2025-12-03T15:23:34\",\"updatedAt\":\"2025-12-03T15:23:34\",\"children\":null}]},{\"id\":16,\"parentId\":1,\"name\":\"权限管理\",\"code\":\"sys:permission:list\",\"typ', 1, NULL);
COMMIT;

-- ----------------------------
-- Table structure for sys_permissions
-- ----------------------------
DROP TABLE IF EXISTS `sys_permissions`;
CREATE TABLE `sys_permissions` (
  `id` bigint NOT NULL AUTO_INCREMENT COMMENT '权限唯一 ID',
  `parent_id` bigint DEFAULT '0' COMMENT '父级权限 ID',
  `name` varchar(50) NOT NULL COMMENT '权限名称',
  `code` varchar(50) NOT NULL COMMENT '权限标识',
  `type` tinyint NOT NULL COMMENT '类型（1 - 菜单，2 - 按钮 / 操作）',
  `path` varchar(255) DEFAULT NULL COMMENT '路由路径',
  `component` varchar(255) DEFAULT NULL COMMENT '组件路径',
  `icon` varchar(50) DEFAULT NULL COMMENT '图标',
  `sort_order` int DEFAULT '0' COMMENT '排序号',
  `created_at` datetime DEFAULT CURRENT_TIMESTAMP COMMENT '创建时间',
  `updated_at` datetime DEFAULT CURRENT_TIMESTAMP ON UPDATE CURRENT_TIMESTAMP COMMENT '更新时间',
  PRIMARY KEY (`id`),
  UNIQUE KEY `code` (`code`)
) ENGINE=InnoDB AUTO_INCREMENT=54 DEFAULT CHARSET=utf8mb4 COLLATE=utf8mb4_0900_ai_ci COMMENT='系统权限表：存储系统功能权限节点（如用户管理-新增、货物检测-上传）';

-- ----------------------------
-- Records of sys_permissions
-- ----------------------------
BEGIN;
INSERT INTO `sys_permissions` (`id`, `parent_id`, `name`, `code`, `type`, `path`, `component`, `icon`, `sort_order`, `created_at`, `updated_at`) VALUES (1, 0, '系统管理', 'sys:manage', 1, '/system', 'MainLayout', 'setting', 0, '2025-12-03 15:23:34', '2025-12-05 20:49:18');
INSERT INTO `sys_permissions` (`id`, `parent_id`, `name`, `code`, `type`, `path`, `component`, `icon`, `sort_order`, `created_at`, `updated_at`) VALUES (2, 1, '用户管理', 'sys:user:list', 1, '/system/user', 'users/UserManagement', 'user', 0, '2025-12-03 15:23:34', '2025-12-03 22:16:20');
INSERT INTO `sys_permissions` (`id`, `parent_id`, `name`, `code`, `type`, `path`, `component`, `icon`, `sort_order`, `created_at`, `updated_at`) VALUES (3, 2, '新增用户', 'sys:user:add', 2, '', '', '', 0, '2025-12-03 15:23:34', '2025-12-12 22:14:48');
INSERT INTO `sys_permissions` (`id`, `parent_id`, `name`, `code`, `type`, `path`, `component`, `icon`, `sort_order`, `created_at`, `updated_at`) VALUES (4, 2, '修改用户', 'sys:user:edit', 2, '', '', '', 0, '2025-12-03 15:23:34', '2025-12-12 22:15:08');
INSERT INTO `sys_permissions` (`id`, `parent_id`, `name`, `code`, `type`, `path`, `component`, `icon`, `sort_order`, `created_at`, `updated_at`) VALUES (5, 2, '删除用户', 'sys:user:delete', 2, '', '', '', 0, '2025-12-03 15:23:34', '2025-12-12 22:15:16');
INSERT INTO `sys_permissions` (`id`, `parent_id`, `name`, `code`, `type`, `path`, `component`, `icon`, `sort_order`, `created_at`, `updated_at`) VALUES (6, 1, '角色管理', 'sys:role:list', 1, '/system/role', 'users/RoleManagement', 'peoples', 0, '2025-12-03 15:23:34', '2025-12-03 22:16:20');
INSERT INTO `sys_permissions` (`id`, `parent_id`, `name`, `code`, `type`, `path`, `component`, `icon`, `sort_order`, `created_at`, `updated_at`) VALUES (7, 6, '新增角色', 'sys:role:add', 2, '', '', '', 0, '2025-12-03 15:23:34', '2025-12-12 22:15:27');
INSERT INTO `sys_permissions` (`id`, `parent_id`, `name`, `code`, `type`, `path`, `component`, `icon`, `sort_order`, `created_at`, `updated_at`) VALUES (8, 6, '修改角色', 'sys:role:edit', 2, '', '', '', 0, '2025-12-03 15:23:34', '2025-12-12 22:15:34');
INSERT INTO `sys_permissions` (`id`, `parent_id`, `name`, `code`, `type`, `path`, `component`, `icon`, `sort_order`, `created_at`, `updated_at`) VALUES (9, 6, '删除角色', 'sys:role:delete', 2, '', '', '', 0, '2025-12-03 15:23:34', '2025-12-12 22:15:44');
INSERT INTO `sys_permissions` (`id`, `parent_id`, `name`, `code`, `type`, `path`, `component`, `icon`, `sort_order`, `created_at`, `updated_at`) VALUES (10, 0, '业务管理', 'biz:manage', 1, '/biz', 'Layout', 'list', 2, '2025-12-03 15:23:34', '2025-12-13 01:09:15');
INSERT INTO `sys_permissions` (`id`, `parent_id`, `name`, `code`, `type`, `path`, `component`, `icon`, `sort_order`, `created_at`, `updated_at`) VALUES (11, 10, '货物管理', 'biz:goods:list', 1, '/biz/goods', 'goods/GoodsManagement', 'component', 0, '2025-12-03 15:23:34', '2025-12-03 22:16:20');
INSERT INTO `sys_permissions` (`id`, `parent_id`, `name`, `code`, `type`, `path`, `component`, `icon`, `sort_order`, `created_at`, `updated_at`) VALUES (12, 11, '新增货物', 'biz:goods:add', 2, '', '', '', 0, '2025-12-03 15:23:34', '2025-12-12 22:41:49');
INSERT INTO `sys_permissions` (`id`, `parent_id`, `name`, `code`, `type`, `path`, `component`, `icon`, `sort_order`, `created_at`, `updated_at`) VALUES (13, 10, '运输管理', 'biz:trans:list', 1, '/biz/trans', 'transports/TransportManagement', 'truck', 0, '2025-12-03 15:23:34', '2025-12-03 22:16:20');
INSERT INTO `sys_permissions` (`id`, `parent_id`, `name`, `code`, `type`, `path`, `component`, `icon`, `sort_order`, `created_at`, `updated_at`) VALUES (14, 10, '检测记录', 'biz:detect:list', 1, '/biz/management', 'detections/DetectionManagement', 'chart', 0, '2025-12-03 15:23:34', '2025-12-05 02:03:58');
INSERT INTO `sys_permissions` (`id`, `parent_id`, `name`, `code`, `type`, `path`, `component`, `icon`, `sort_order`, `created_at`, `updated_at`) VALUES (15, 0, '仪表盘', 'dashboard', 1, '/dashboard', 'Dashboard', 'dashboard', 0, '2025-12-03 15:23:34', '2025-12-05 01:26:30');
INSERT INTO `sys_permissions` (`id`, `parent_id`, `name`, `code`, `type`, `path`, `component`, `icon`, `sort_order`, `created_at`, `updated_at`) VALUES (16, 1, '权限管理', 'sys:permission:list', 1, '/system/permission', 'users/PermissionManagement', NULL, 0, '2025-12-05 03:11:06', '2025-12-05 20:53:01');
INSERT INTO `sys_permissions` (`id`, `parent_id`, `name`, `code`, `type`, `path`, `component`, `icon`, `sort_order`, `created_at`, `updated_at`) VALUES (17, 16, '编辑权限', 'sys:permission:edit', 2, NULL, NULL, NULL, 0, '2025-12-05 03:39:38', '2025-12-12 22:31:13');
INSERT INTO `sys_permissions` (`id`, `parent_id`, `name`, `code`, `type`, `path`, `component`, `icon`, `sort_order`, `created_at`, `updated_at`) VALUES (18, 16, '分配权限', 'sys:permission:add', 2, NULL, NULL, NULL, 0, '2025-12-05 03:40:34', '2025-12-12 22:31:25');
INSERT INTO `sys_permissions` (`id`, `parent_id`, `name`, `code`, `type`, `path`, `component`, `icon`, `sort_order`, `created_at`, `updated_at`) VALUES (19, 16, '删除权限', 'sys:permission:delete', 2, NULL, NULL, NULL, 0, '2025-12-05 03:41:12', '2025-12-12 22:31:33');
INSERT INTO `sys_permissions` (`id`, `parent_id`, `name`, `code`, `type`, `path`, `component`, `icon`, `sort_order`, `created_at`, `updated_at`) VALUES (22, 11, '修改货物', 'biz:goods:edit', 2, '', '', '', 0, '2025-12-05 23:03:44', '2025-12-12 22:41:58');
INSERT INTO `sys_permissions` (`id`, `parent_id`, `name`, `code`, `type`, `path`, `component`, `icon`, `sort_order`, `created_at`, `updated_at`) VALUES (23, 11, '删除货物', 'biz:goods:delete', 2, '', '', '', 0, '2025-12-05 23:03:44', '2025-12-12 22:42:07');
INSERT INTO `sys_permissions` (`id`, `parent_id`, `name`, `code`, `type`, `path`, `component`, `icon`, `sort_order`, `created_at`, `updated_at`) VALUES (24, 13, '新增运输', 'biz:trans:add', 2, '', '', '', 0, '2025-12-05 23:03:44', '2025-12-12 22:35:01');
INSERT INTO `sys_permissions` (`id`, `parent_id`, `name`, `code`, `type`, `path`, `component`, `icon`, `sort_order`, `created_at`, `updated_at`) VALUES (25, 13, '编辑', 'biz:trans:edit', 2, '', '', '', 0, '2025-12-05 23:03:44', '2025-12-12 22:35:29');
INSERT INTO `sys_permissions` (`id`, `parent_id`, `name`, `code`, `type`, `path`, `component`, `icon`, `sort_order`, `created_at`, `updated_at`) VALUES (26, 13, '运输删除', 'biz:trans:delete', 2, '', '', '', 0, '2025-12-05 23:03:44', '2025-12-05 23:03:44');
INSERT INTO `sys_permissions` (`id`, `parent_id`, `name`, `code`, `type`, `path`, `component`, `icon`, `sort_order`, `created_at`, `updated_at`) VALUES (27, 14, '检测新增', 'biz:detect:add', 2, '', '', '', 0, '2025-12-05 23:03:44', '2025-12-05 23:03:44');
INSERT INTO `sys_permissions` (`id`, `parent_id`, `name`, `code`, `type`, `path`, `component`, `icon`, `sort_order`, `created_at`, `updated_at`) VALUES (28, 10, '货物破损检测', 'biz:detectc:list', 1, '/biz/detecting', 'detections/DamageDetection', NULL, NULL, '2025-12-06 00:16:21', '2025-12-06 00:39:46');
INSERT INTO `sys_permissions` (`id`, `parent_id`, `name`, `code`, `type`, `path`, `component`, `icon`, `sort_order`, `created_at`, `updated_at`) VALUES (30, 29, '操作日志', 'sys:log:crud', 1, '/system/operationlogs', 'logs/OperationLogs', 'log', 0, '2025-12-09 00:37:43', '2025-12-09 00:49:05');
INSERT INTO `sys_permissions` (`id`, `parent_id`, `name`, `code`, `type`, `path`, `component`, `icon`, `sort_order`, `created_at`, `updated_at`) VALUES (31, 29, '登录日志', 'sys:login:list', 1, '/system/loginlogs', 'logs/LoginLogs', 'loginlog', 1, '2025-12-09 00:39:50', '2025-12-09 00:39:50');
INSERT INTO `sys_permissions` (`id`, `parent_id`, `name`, `code`, `type`, `path`, `component`, `icon`, `sort_order`, `created_at`, `updated_at`) VALUES (32, 14, '导出报告', 'biz:detect:excels', 2, '', '', '', 0, '2025-12-12 21:05:57', '2025-12-12 22:07:40');
INSERT INTO `sys_permissions` (`id`, `parent_id`, `name`, `code`, `type`, `path`, `component`, `icon`, `sort_order`, `created_at`, `updated_at`) VALUES (33, 14, '导出选中', 'biz:detect:excel', 2, '', '', '', 0, '2025-12-12 22:11:35', '2025-12-12 22:47:09');
INSERT INTO `sys_permissions` (`id`, `parent_id`, `name`, `code`, `type`, `path`, `component`, `icon`, `sort_order`, `created_at`, `updated_at`) VALUES (34, 6, '批量删除角色', 'sys:role:deletes', 2, '', '', '', 0, '2025-12-12 22:16:40', '2025-12-12 22:16:40');
INSERT INTO `sys_permissions` (`id`, `parent_id`, `name`, `code`, `type`, `path`, `component`, `icon`, `sort_order`, `created_at`, `updated_at`) VALUES (35, 2, '查询', 'sys:user:query', 2, '', '', '', 0, '2025-12-12 22:22:26', '2025-12-12 22:22:42');
INSERT INTO `sys_permissions` (`id`, `parent_id`, `name`, `code`, `type`, `path`, `component`, `icon`, `sort_order`, `created_at`, `updated_at`) VALUES (36, 6, '查询', 'sys:role:query', 2, '', '', '', 0, '2025-12-12 22:23:46', '2025-12-12 22:23:46');
INSERT INTO `sys_permissions` (`id`, `parent_id`, `name`, `code`, `type`, `path`, `component`, `icon`, `sort_order`, `created_at`, `updated_at`) VALUES (37, 2, '重置', 'sys:user:reset', 2, '', '', '', 0, '2025-12-12 22:29:29', '2025-12-12 22:29:55');
INSERT INTO `sys_permissions` (`id`, `parent_id`, `name`, `code`, `type`, `path`, `component`, `icon`, `sort_order`, `created_at`, `updated_at`) VALUES (38, 16, '重置', 'sys:permission:reset', 2, '', '', '', 0, '2025-12-12 22:32:20', '2025-12-12 22:32:20');
INSERT INTO `sys_permissions` (`id`, `parent_id`, `name`, `code`, `type`, `path`, `component`, `icon`, `sort_order`, `created_at`, `updated_at`) VALUES (39, 13, '重置', 'biz:trans:reset', 2, '', '', '', 0, '2025-12-12 22:33:47', '2025-12-12 22:33:47');
INSERT INTO `sys_permissions` (`id`, `parent_id`, `name`, `code`, `type`, `path`, `component`, `icon`, `sort_order`, `created_at`, `updated_at`) VALUES (40, 14, '重置', 'biz:detect:reset', 2, '', '', '', 0, '2025-12-12 22:34:30', '2025-12-12 22:34:30');
INSERT INTO `sys_permissions` (`id`, `parent_id`, `name`, `code`, `type`, `path`, `component`, `icon`, `sort_order`, `created_at`, `updated_at`) VALUES (41, 13, '查询', 'biz:trans:query', 2, '', '', '', 0, '2025-12-12 22:36:47', '2025-12-12 22:36:47');
INSERT INTO `sys_permissions` (`id`, `parent_id`, `name`, `code`, `type`, `path`, `component`, `icon`, `sort_order`, `created_at`, `updated_at`) VALUES (42, 14, '查询', 'biz:detect:query', 2, '', '', '', 0, '2025-12-12 22:37:30', '2025-12-12 22:37:30');
INSERT INTO `sys_permissions` (`id`, `parent_id`, `name`, `code`, `type`, `path`, `component`, `icon`, `sort_order`, `created_at`, `updated_at`) VALUES (43, 28, '开始检测', 'biz:detectc:detection', 2, '', '', '', 0, '2025-12-12 22:38:53', '2025-12-12 22:39:43');
INSERT INTO `sys_permissions` (`id`, `parent_id`, `name`, `code`, `type`, `path`, `component`, `icon`, `sort_order`, `created_at`, `updated_at`) VALUES (44, 28, '清空列表', 'biz:detectc:clear', 2, '', '', '', 0, '2025-12-12 22:40:27', '2025-12-12 22:41:04');
INSERT INTO `sys_permissions` (`id`, `parent_id`, `name`, `code`, `type`, `path`, `component`, `icon`, `sort_order`, `created_at`, `updated_at`) VALUES (45, 11, '查询', 'biz:goods:query', 2, '', '', '', 0, '2025-12-12 22:42:20', '2025-12-12 22:43:02');
INSERT INTO `sys_permissions` (`id`, `parent_id`, `name`, `code`, `type`, `path`, `component`, `icon`, `sort_order`, `created_at`, `updated_at`) VALUES (46, 11, '重置', 'biz:goods:reset', 2, '', '', '', 0, '2025-12-12 22:42:31', '2025-12-12 22:42:48');
INSERT INTO `sys_permissions` (`id`, `parent_id`, `name`, `code`, `type`, `path`, `component`, `icon`, `sort_order`, `created_at`, `updated_at`) VALUES (47, 16, '添加下级', 'sys:permission:addchild', 2, '', '', '', 0, '2025-12-12 22:45:41', '2025-12-12 23:10:16');
INSERT INTO `sys_permissions` (`id`, `parent_id`, `name`, `code`, `type`, `path`, `component`, `icon`, `sort_order`, `created_at`, `updated_at`) VALUES (48, 16, '查询', 'sys:permission:query', 2, '', '', '', 0, '2025-12-12 22:46:07', '2025-12-12 22:46:07');
INSERT INTO `sys_permissions` (`id`, `parent_id`, `name`, `code`, `type`, `path`, `component`, `icon`, `sort_order`, `created_at`, `updated_at`) VALUES (51, 13, '取消', 'biz:trans:cancel', 2, '', '', '', 0, '2025-12-12 22:57:24', '2025-12-12 22:57:44');
INSERT INTO `sys_permissions` (`id`, `parent_id`, `name`, `code`, `type`, `path`, `component`, `icon`, `sort_order`, `created_at`, `updated_at`) VALUES (52, 13, '发车', 'biz:trans:departure', 2, '', '', '', 0, '2025-12-12 22:58:48', '2025-12-12 22:59:15');
INSERT INTO `sys_permissions` (`id`, `parent_id`, `name`, `code`, `type`, `path`, `component`, `icon`, `sort_order`, `created_at`, `updated_at`) VALUES (53, 13, '送达', 'biz:trans:arrive', 2, '', '', '', 0, '2025-12-12 22:59:40', '2025-12-12 23:11:36');
COMMIT;

-- ----------------------------
-- Table structure for sys_role_permissions
-- ----------------------------
DROP TABLE IF EXISTS `sys_role_permissions`;
CREATE TABLE `sys_role_permissions` (
  `id` bigint NOT NULL AUTO_INCREMENT COMMENT '关联记录唯一 ID',
  `role_id` bigint NOT NULL COMMENT '角色 ID',
  `permission_id` bigint NOT NULL COMMENT '权限 ID',
  PRIMARY KEY (`id`),
  UNIQUE KEY `uk_role_permission` (`role_id`,`permission_id`),
  KEY `fk_rp_permission` (`permission_id`),
  CONSTRAINT `fk_rp_permission` FOREIGN KEY (`permission_id`) REFERENCES `sys_permissions` (`id`) ON DELETE CASCADE,
  CONSTRAINT `fk_rp_role` FOREIGN KEY (`role_id`) REFERENCES `sys_roles` (`id`) ON DELETE CASCADE
) ENGINE=InnoDB AUTO_INCREMENT=2803 DEFAULT CHARSET=utf8mb4 COLLATE=utf8mb4_0900_ai_ci COMMENT='系统角色权限关联表：存储角色与权限的多对多关联关系，实现权限批量分配';

-- ----------------------------
-- Records of sys_role_permissions
-- ----------------------------
BEGIN;
INSERT INTO `sys_role_permissions` (`id`, `role_id`, `permission_id`) VALUES (2752, 1, 1);
INSERT INTO `sys_role_permissions` (`id`, `role_id`, `permission_id`) VALUES (2753, 1, 2);
INSERT INTO `sys_role_permissions` (`id`, `role_id`, `permission_id`) VALUES (2754, 1, 3);
INSERT INTO `sys_role_permissions` (`id`, `role_id`, `permission_id`) VALUES (2755, 1, 4);
INSERT INTO `sys_role_permissions` (`id`, `role_id`, `permission_id`) VALUES (2756, 1, 5);
INSERT INTO `sys_role_permissions` (`id`, `role_id`, `permission_id`) VALUES (2759, 1, 6);
INSERT INTO `sys_role_permissions` (`id`, `role_id`, `permission_id`) VALUES (2760, 1, 7);
INSERT INTO `sys_role_permissions` (`id`, `role_id`, `permission_id`) VALUES (2761, 1, 8);
INSERT INTO `sys_role_permissions` (`id`, `role_id`, `permission_id`) VALUES (2762, 1, 9);
INSERT INTO `sys_role_permissions` (`id`, `role_id`, `permission_id`) VALUES (2726, 1, 10);
INSERT INTO `sys_role_permissions` (`id`, `role_id`, `permission_id`) VALUES (2730, 1, 11);
INSERT INTO `sys_role_permissions` (`id`, `role_id`, `permission_id`) VALUES (2731, 1, 12);
INSERT INTO `sys_role_permissions` (`id`, `role_id`, `permission_id`) VALUES (2736, 1, 13);
INSERT INTO `sys_role_permissions` (`id`, `role_id`, `permission_id`) VALUES (2745, 1, 14);
INSERT INTO `sys_role_permissions` (`id`, `role_id`, `permission_id`) VALUES (2751, 1, 15);
INSERT INTO `sys_role_permissions` (`id`, `role_id`, `permission_id`) VALUES (2765, 1, 16);
INSERT INTO `sys_role_permissions` (`id`, `role_id`, `permission_id`) VALUES (2766, 1, 17);
INSERT INTO `sys_role_permissions` (`id`, `role_id`, `permission_id`) VALUES (2767, 1, 18);
INSERT INTO `sys_role_permissions` (`id`, `role_id`, `permission_id`) VALUES (2768, 1, 19);
INSERT INTO `sys_role_permissions` (`id`, `role_id`, `permission_id`) VALUES (2732, 1, 22);
INSERT INTO `sys_role_permissions` (`id`, `role_id`, `permission_id`) VALUES (2733, 1, 23);
INSERT INTO `sys_role_permissions` (`id`, `role_id`, `permission_id`) VALUES (2737, 1, 24);
INSERT INTO `sys_role_permissions` (`id`, `role_id`, `permission_id`) VALUES (2738, 1, 25);
INSERT INTO `sys_role_permissions` (`id`, `role_id`, `permission_id`) VALUES (2739, 1, 26);
INSERT INTO `sys_role_permissions` (`id`, `role_id`, `permission_id`) VALUES (2746, 1, 27);
INSERT INTO `sys_role_permissions` (`id`, `role_id`, `permission_id`) VALUES (2727, 1, 28);
INSERT INTO `sys_role_permissions` (`id`, `role_id`, `permission_id`) VALUES (2747, 1, 32);
INSERT INTO `sys_role_permissions` (`id`, `role_id`, `permission_id`) VALUES (2748, 1, 33);
INSERT INTO `sys_role_permissions` (`id`, `role_id`, `permission_id`) VALUES (2763, 1, 34);
INSERT INTO `sys_role_permissions` (`id`, `role_id`, `permission_id`) VALUES (2757, 1, 35);
INSERT INTO `sys_role_permissions` (`id`, `role_id`, `permission_id`) VALUES (2764, 1, 36);
INSERT INTO `sys_role_permissions` (`id`, `role_id`, `permission_id`) VALUES (2758, 1, 37);
INSERT INTO `sys_role_permissions` (`id`, `role_id`, `permission_id`) VALUES (2769, 1, 38);
INSERT INTO `sys_role_permissions` (`id`, `role_id`, `permission_id`) VALUES (2741, 1, 39);
INSERT INTO `sys_role_permissions` (`id`, `role_id`, `permission_id`) VALUES (2749, 1, 40);
INSERT INTO `sys_role_permissions` (`id`, `role_id`, `permission_id`) VALUES (2742, 1, 41);
INSERT INTO `sys_role_permissions` (`id`, `role_id`, `permission_id`) VALUES (2750, 1, 42);
INSERT INTO `sys_role_permissions` (`id`, `role_id`, `permission_id`) VALUES (2728, 1, 43);
INSERT INTO `sys_role_permissions` (`id`, `role_id`, `permission_id`) VALUES (2729, 1, 44);
INSERT INTO `sys_role_permissions` (`id`, `role_id`, `permission_id`) VALUES (2734, 1, 45);
INSERT INTO `sys_role_permissions` (`id`, `role_id`, `permission_id`) VALUES (2735, 1, 46);
INSERT INTO `sys_role_permissions` (`id`, `role_id`, `permission_id`) VALUES (2770, 1, 47);
INSERT INTO `sys_role_permissions` (`id`, `role_id`, `permission_id`) VALUES (2771, 1, 48);
INSERT INTO `sys_role_permissions` (`id`, `role_id`, `permission_id`) VALUES (2743, 1, 51);
INSERT INTO `sys_role_permissions` (`id`, `role_id`, `permission_id`) VALUES (2744, 1, 52);
INSERT INTO `sys_role_permissions` (`id`, `role_id`, `permission_id`) VALUES (2740, 1, 53);
INSERT INTO `sys_role_permissions` (`id`, `role_id`, `permission_id`) VALUES (2775, 6, 15);
INSERT INTO `sys_role_permissions` (`id`, `role_id`, `permission_id`) VALUES (2802, 7, 10);
INSERT INTO `sys_role_permissions` (`id`, `role_id`, `permission_id`) VALUES (2796, 7, 14);
INSERT INTO `sys_role_permissions` (`id`, `role_id`, `permission_id`) VALUES (2797, 7, 27);
INSERT INTO `sys_role_permissions` (`id`, `role_id`, `permission_id`) VALUES (2793, 7, 28);
INSERT INTO `sys_role_permissions` (`id`, `role_id`, `permission_id`) VALUES (2798, 7, 32);
INSERT INTO `sys_role_permissions` (`id`, `role_id`, `permission_id`) VALUES (2799, 7, 33);
INSERT INTO `sys_role_permissions` (`id`, `role_id`, `permission_id`) VALUES (2800, 7, 40);
INSERT INTO `sys_role_permissions` (`id`, `role_id`, `permission_id`) VALUES (2801, 7, 42);
INSERT INTO `sys_role_permissions` (`id`, `role_id`, `permission_id`) VALUES (2794, 7, 43);
INSERT INTO `sys_role_permissions` (`id`, `role_id`, `permission_id`) VALUES (2795, 7, 44);
INSERT INTO `sys_role_permissions` (`id`, `role_id`, `permission_id`) VALUES (2782, 8, 10);
INSERT INTO `sys_role_permissions` (`id`, `role_id`, `permission_id`) VALUES (2776, 8, 11);
INSERT INTO `sys_role_permissions` (`id`, `role_id`, `permission_id`) VALUES (2777, 8, 12);
INSERT INTO `sys_role_permissions` (`id`, `role_id`, `permission_id`) VALUES (2778, 8, 22);
INSERT INTO `sys_role_permissions` (`id`, `role_id`, `permission_id`) VALUES (2779, 8, 23);
INSERT INTO `sys_role_permissions` (`id`, `role_id`, `permission_id`) VALUES (2780, 8, 45);
INSERT INTO `sys_role_permissions` (`id`, `role_id`, `permission_id`) VALUES (2781, 8, 46);
INSERT INTO `sys_role_permissions` (`id`, `role_id`, `permission_id`) VALUES (2792, 10, 10);
INSERT INTO `sys_role_permissions` (`id`, `role_id`, `permission_id`) VALUES (2783, 10, 13);
INSERT INTO `sys_role_permissions` (`id`, `role_id`, `permission_id`) VALUES (2784, 10, 24);
INSERT INTO `sys_role_permissions` (`id`, `role_id`, `permission_id`) VALUES (2785, 10, 25);
INSERT INTO `sys_role_permissions` (`id`, `role_id`, `permission_id`) VALUES (2786, 10, 26);
INSERT INTO `sys_role_permissions` (`id`, `role_id`, `permission_id`) VALUES (2788, 10, 39);
INSERT INTO `sys_role_permissions` (`id`, `role_id`, `permission_id`) VALUES (2789, 10, 41);
INSERT INTO `sys_role_permissions` (`id`, `role_id`, `permission_id`) VALUES (2790, 10, 51);
INSERT INTO `sys_role_permissions` (`id`, `role_id`, `permission_id`) VALUES (2791, 10, 52);
INSERT INTO `sys_role_permissions` (`id`, `role_id`, `permission_id`) VALUES (2787, 10, 53);
COMMIT;

-- ----------------------------
-- Table structure for sys_roles
-- ----------------------------
DROP TABLE IF EXISTS `sys_roles`;
CREATE TABLE `sys_roles` (
  `id` bigint NOT NULL AUTO_INCREMENT COMMENT '角色唯一 ID',
  `role_name` varchar(50) NOT NULL COMMENT '角色名称',
  `role_code` varchar(50) NOT NULL COMMENT '角色编码',
  `description` varchar(255) DEFAULT NULL COMMENT '角色描述',
  `created_at` datetime DEFAULT CURRENT_TIMESTAMP COMMENT '创建时间',
  `updated_at` datetime DEFAULT CURRENT_TIMESTAMP ON UPDATE CURRENT_TIMESTAMP COMMENT '更新时间',
  PRIMARY KEY (`id`),
  UNIQUE KEY `role_name` (`role_name`),
  UNIQUE KEY `role_code` (`role_code`)
) ENGINE=InnoDB AUTO_INCREMENT=11 DEFAULT CHARSET=utf8mb4 COLLATE=utf8mb4_0900_ai_ci COMMENT='系统角色表：存储系统角色信息（如管理员、普通操作员），用于用户权限分组';

-- ----------------------------
-- Records of sys_roles
-- ----------------------------
BEGIN;
INSERT INTO `sys_roles` (`id`, `role_name`, `role_code`, `description`, `created_at`, `updated_at`) VALUES (1, '超级root', 'admin', '系统超级管理员，拥有至高无上的权限。', '2025-12-06 02:22:19', '2025-12-08 14:40:53');
INSERT INTO `sys_roles` (`id`, `role_name`, `role_code`, `description`, `created_at`, `updated_at`) VALUES (6, '观众', 'view', '观众只看到仪表盘', '2025-12-08 14:43:44', '2025-12-08 20:45:53');
INSERT INTO `sys_roles` (`id`, `role_name`, `role_code`, `description`, `created_at`, `updated_at`) VALUES (7, '检测员', 'jiance', '检测员', '2025-12-08 15:21:59', '2025-12-08 15:21:59');
INSERT INTO `sys_roles` (`id`, `role_name`, `role_code`, `description`, `created_at`, `updated_at`) VALUES (8, '货物员', 'huowu', '货物员的管理', '2025-12-08 21:40:02', '2025-12-08 21:40:02');
INSERT INTO `sys_roles` (`id`, `role_name`, `role_code`, `description`, `created_at`, `updated_at`) VALUES (10, '运输员', 'yuanshu', '运输员', '2025-12-10 01:13:17', '2025-12-10 01:13:17');
COMMIT;

-- ----------------------------
-- Table structure for sys_user_roles
-- ----------------------------
DROP TABLE IF EXISTS `sys_user_roles`;
CREATE TABLE `sys_user_roles` (
  `user_id` bigint NOT NULL COMMENT '用户 ID',
  `role_id` bigint NOT NULL COMMENT '角色 ID',
  PRIMARY KEY (`user_id`,`role_id`),
  KEY `fk_ur_role` (`role_id`),
  CONSTRAINT `fk_ur_role` FOREIGN KEY (`role_id`) REFERENCES `sys_roles` (`id`) ON DELETE CASCADE,
  CONSTRAINT `fk_ur_user` FOREIGN KEY (`user_id`) REFERENCES `sys_users` (`id`) ON DELETE CASCADE
) ENGINE=InnoDB DEFAULT CHARSET=utf8mb4 COLLATE=utf8mb4_0900_ai_ci COMMENT='系统用户角色关联表：存储用户与角色的多对多关联关系，实现用户-角色绑定';

-- ----------------------------
-- Records of sys_user_roles
-- ----------------------------
BEGIN;
INSERT INTO `sys_user_roles` (`user_id`, `role_id`) VALUES (1, 1);
INSERT INTO `sys_user_roles` (`user_id`, `role_id`) VALUES (3, 1);
INSERT INTO `sys_user_roles` (`user_id`, `role_id`) VALUES (60, 1);
INSERT INTO `sys_user_roles` (`user_id`, `role_id`) VALUES (2, 6);
INSERT INTO `sys_user_roles` (`user_id`, `role_id`) VALUES (6, 6);
INSERT INTO `sys_user_roles` (`user_id`, `role_id`) VALUES (52, 6);
INSERT INTO `sys_user_roles` (`user_id`, `role_id`) VALUES (62, 6);
INSERT INTO `sys_user_roles` (`user_id`, `role_id`) VALUES (63, 6);
INSERT INTO `sys_user_roles` (`user_id`, `role_id`) VALUES (65, 6);
INSERT INTO `sys_user_roles` (`user_id`, `role_id`) VALUES (66, 6);
INSERT INTO `sys_user_roles` (`user_id`, `role_id`) VALUES (5, 7);
INSERT INTO `sys_user_roles` (`user_id`, `role_id`) VALUES (7, 7);
INSERT INTO `sys_user_roles` (`user_id`, `role_id`) VALUES (51, 7);
INSERT INTO `sys_user_roles` (`user_id`, `role_id`) VALUES (53, 7);
INSERT INTO `sys_user_roles` (`user_id`, `role_id`) VALUES (61, 7);
INSERT INTO `sys_user_roles` (`user_id`, `role_id`) VALUES (63, 7);
INSERT INTO `sys_user_roles` (`user_id`, `role_id`) VALUES (65, 7);
INSERT INTO `sys_user_roles` (`user_id`, `role_id`) VALUES (63, 8);
INSERT INTO `sys_user_roles` (`user_id`, `role_id`) VALUES (65, 8);
COMMIT;

-- ----------------------------
-- Table structure for sys_users
-- ----------------------------
DROP TABLE IF EXISTS `sys_users`;
CREATE TABLE `sys_users` (
  `id` bigint NOT NULL AUTO_INCREMENT COMMENT '用户唯一 ID',
  `username` varchar(50) NOT NULL COMMENT '登录账号',
  `password` varchar(100) NOT NULL COMMENT '密码',
  `name` varchar(50) DEFAULT NULL COMMENT '用户真实姓名',
  `avatar` varchar(255) DEFAULT NULL COMMENT '头像 URL',
  `email` varchar(100) DEFAULT NULL COMMENT '邮箱',
  `phone` varchar(20) DEFAULT NULL COMMENT '手机号',
  `status` tinyint DEFAULT '1' COMMENT '状态（1 - 启用，0 - 禁用）',
  `last_login_time` datetime DEFAULT NULL COMMENT '最后登录时间',
  `last_login_ip` varchar(50) DEFAULT NULL COMMENT '最后登录 IP',
  `is_deleted` tinyint DEFAULT '0' COMMENT '是否删除（0 - 未删除，1 - 已删除）',
  `created_at` datetime DEFAULT CURRENT_TIMESTAMP COMMENT '创建时间',
  `updated_at` datetime DEFAULT CURRENT_TIMESTAMP ON UPDATE CURRENT_TIMESTAMP COMMENT '更新时间',
  `id_card` varchar(18) DEFAULT NULL COMMENT '身份证号',
  `last_password_reset_time` datetime DEFAULT NULL COMMENT '最后一次重置密码时间',
  PRIMARY KEY (`id`),
  UNIQUE KEY `username` (`username`),
  UNIQUE KEY `idx_sys_users_id_card` (`id_card`)
) ENGINE=InnoDB AUTO_INCREMENT=70 DEFAULT CHARSET=utf8mb4 COLLATE=utf8mb4_0900_ai_ci COMMENT='系统用户表：存储系统用户基础信息（用户名、密码、状态等），对应用户管理模块核心数据';

-- ----------------------------
-- Records of sys_users
-- ----------------------------
BEGIN;
INSERT INTO `sys_users` (`id`, `username`, `password`, `name`, `avatar`, `email`, `phone`, `status`, `last_login_time`, `last_login_ip`, `is_deleted`, `created_at`, `updated_at`, `id_card`, `last_password_reset_time`) VALUES (1, 'admin', '$2a$10$6vZdqdTvt2bUpISPtFuYEujGMD58Z8ZrEZ7qxMftUPC2PNUueN6w6', '李翔', 'http://localhost:8080/uploads/9626319b-9b86-440f-81bd-0d9492604add.png', 'admin@cargovision.com', '156****4122', 1, NULL, NULL, 0, '2025-12-03 15:23:34', '2025-12-13 17:31:15', '110***********0001', '2025-12-08 23:57:33');
INSERT INTO `sys_users` (`id`, `username`, `password`, `name`, `avatar`, `email`, `phone`, `status`, `last_login_time`, `last_login_ip`, `is_deleted`, `created_at`, `updated_at`, `id_card`, `last_password_reset_time`) VALUES (2, 'user1', '$2a$10$N.zmdr9k7uOCQb376NoUnuTJ8iAt6Z5EHsM8lE9lBOcd.g/w7xww2', '梁群兴', NULL, 'user1@cargovision.com', '13268147189', 1, NULL, NULL, 0, '2025-12-03 15:23:34', '2025-12-07 06:41:52', NULL, NULL);
INSERT INTO `sys_users` (`id`, `username`, `password`, `name`, `avatar`, `email`, `phone`, `status`, `last_login_time`, `last_login_ip`, `is_deleted`, `created_at`, `updated_at`, `id_card`, `last_password_reset_time`) VALUES (3, 'user2', '$2a$10$N.zmdr9k7uOCQb376NoUnuTJ8iAt6Z5EHsM8lE9lBOcd.g/w7xww2', '宣翔致', NULL, 'user2@cargovision.com', '16905208597', 1, NULL, NULL, 0, '2025-12-03 15:23:34', '2025-12-08 20:56:54', NULL, NULL);
INSERT INTO `sys_users` (`id`, `username`, `password`, `name`, `avatar`, `email`, `phone`, `status`, `last_login_time`, `last_login_ip`, `is_deleted`, `created_at`, `updated_at`, `id_card`, `last_password_reset_time`) VALUES (4, 'user3', '$2a$10$N.zmdr9k7uOCQb376NoUnuTJ8iAt6Z5EHsM8lE9lBOcd.g/w7xww2', '任德', NULL, 'user3@cargovision.com', '15941981978', 1, NULL, NULL, 0, '2025-12-03 15:23:34', '2025-12-03 15:23:34', NULL, NULL);
INSERT INTO `sys_users` (`id`, `username`, `password`, `name`, `avatar`, `email`, `phone`, `status`, `last_login_time`, `last_login_ip`, `is_deleted`, `created_at`, `updated_at`, `id_card`, `last_password_reset_time`) VALUES (5, 'user4', '$2a$10$N.zmdr9k7uOCQb376NoUnuTJ8iAt6Z5EHsM8lE9lBOcd.g/w7xww2', '唐楠刚', NULL, 'user4@cargovision.com', '13594810829', 1, NULL, NULL, 0, '2025-12-03 15:23:34', '2025-12-03 15:23:34', NULL, NULL);
INSERT INTO `sys_users` (`id`, `username`, `password`, `name`, `avatar`, `email`, `phone`, `status`, `last_login_time`, `last_login_ip`, `is_deleted`, `created_at`, `updated_at`, `id_card`, `last_password_reset_time`) VALUES (6, 'user5', '$2a$10$N.zmdr9k7uOCQb376NoUnuTJ8iAt6Z5EHsM8lE9lBOcd.g/w7xww2', '乐兴', NULL, 'user5@cargovision.com', '19737011271', 1, NULL, NULL, 0, '2025-12-03 15:23:34', '2025-12-03 15:23:34', NULL, NULL);
INSERT INTO `sys_users` (`id`, `username`, `password`, `name`, `avatar`, `email`, `phone`, `status`, `last_login_time`, `last_login_ip`, `is_deleted`, `created_at`, `updated_at`, `id_card`, `last_password_reset_time`) VALUES (7, 'user6', '$2a$10$N.zmdr9k7uOCQb376NoUnuTJ8iAt6Z5EHsM8lE9lBOcd.g/w7xww2', '梁星', NULL, 'user6@cargovision.com', '16080001150', 1, NULL, NULL, 0, '2025-12-03 15:23:34', '2025-12-03 15:23:34', NULL, NULL);
INSERT INTO `sys_users` (`id`, `username`, `password`, `name`, `avatar`, `email`, `phone`, `status`, `last_login_time`, `last_login_ip`, `is_deleted`, `created_at`, `updated_at`, `id_card`, `last_password_reset_time`) VALUES (8, 'user7', '$2a$10$N.zmdr9k7uOCQb376NoUnuTJ8iAt6Z5EHsM8lE9lBOcd.g/w7xww2', '项东', NULL, 'user7@cargovision.com', '15967569624', 1, NULL, NULL, 0, '2025-12-03 15:23:34', '2025-12-03 15:23:34', NULL, NULL);
INSERT INTO `sys_users` (`id`, `username`, `password`, `name`, `avatar`, `email`, `phone`, `status`, `last_login_time`, `last_login_ip`, `is_deleted`, `created_at`, `updated_at`, `id_card`, `last_password_reset_time`) VALUES (9, 'user8', '$2a$10$N.zmdr9k7uOCQb376NoUnuTJ8iAt6Z5EHsM8lE9lBOcd.g/w7xww2', '费鹏以', NULL, 'user8@cargovision.com', '16289208001', 1, NULL, NULL, 0, '2025-12-03 15:23:34', '2025-12-03 15:23:34', NULL, NULL);
INSERT INTO `sys_users` (`id`, `username`, `password`, `name`, `avatar`, `email`, `phone`, `status`, `last_login_time`, `last_login_ip`, `is_deleted`, `created_at`, `updated_at`, `id_card`, `last_password_reset_time`) VALUES (10, 'user9', '$2a$10$N.zmdr9k7uOCQb376NoUnuTJ8iAt6Z5EHsM8lE9lBOcd.g/w7xww2', '费维', NULL, 'user9@cargovision.com', '18321351954', 1, NULL, NULL, 0, '2025-12-03 15:23:34', '2025-12-03 15:23:34', NULL, NULL);
INSERT INTO `sys_users` (`id`, `username`, `password`, `name`, `avatar`, `email`, `phone`, `status`, `last_login_time`, `last_login_ip`, `is_deleted`, `created_at`, `updated_at`, `id_card`, `last_password_reset_time`) VALUES (11, 'user10', '$2a$10$N.zmdr9k7uOCQb376NoUnuTJ8iAt6Z5EHsM8lE9lBOcd.g/w7xww2', '康全河', NULL, 'user10@cargovision.com', '17357374901', 1, NULL, NULL, 0, '2025-12-03 15:23:34', '2025-12-03 15:23:34', NULL, NULL);
INSERT INTO `sys_users` (`id`, `username`, `password`, `name`, `avatar`, `email`, `phone`, `status`, `last_login_time`, `last_login_ip`, `is_deleted`, `created_at`, `updated_at`, `id_card`, `last_password_reset_time`) VALUES (12, 'user11', '$2a$10$N.zmdr9k7uOCQb376NoUnuTJ8iAt6Z5EHsM8lE9lBOcd.g/w7xww2', '戚宁子', NULL, 'user11@cargovision.com', '19067615233', 1, NULL, NULL, 0, '2025-12-03 15:23:34', '2025-12-03 15:23:34', NULL, NULL);
INSERT INTO `sys_users` (`id`, `username`, `password`, `name`, `avatar`, `email`, `phone`, `status`, `last_login_time`, `last_login_ip`, `is_deleted`, `created_at`, `updated_at`, `id_card`, `last_password_reset_time`) VALUES (13, 'user12', '$2a$10$N.zmdr9k7uOCQb376NoUnuTJ8iAt6Z5EHsM8lE9lBOcd.g/w7xww2', '薛朋', NULL, 'user12@cargovision.com', '19464097995', 1, NULL, NULL, 0, '2025-12-03 15:23:34', '2025-12-03 15:23:34', NULL, NULL);
INSERT INTO `sys_users` (`id`, `username`, `password`, `name`, `avatar`, `email`, `phone`, `status`, `last_login_time`, `last_login_ip`, `is_deleted`, `created_at`, `updated_at`, `id_card`, `last_password_reset_time`) VALUES (14, 'user13', '$2a$10$N.zmdr9k7uOCQb376NoUnuTJ8iAt6Z5EHsM8lE9lBOcd.g/w7xww2', '时时', NULL, 'user13@cargovision.com', '17154062647', 1, NULL, NULL, 0, '2025-12-03 15:23:34', '2025-12-03 15:23:34', NULL, NULL);
INSERT INTO `sys_users` (`id`, `username`, `password`, `name`, `avatar`, `email`, `phone`, `status`, `last_login_time`, `last_login_ip`, `is_deleted`, `created_at`, `updated_at`, `id_card`, `last_password_reset_time`) VALUES (15, 'user14', '$2a$10$N.zmdr9k7uOCQb376NoUnuTJ8iAt6Z5EHsM8lE9lBOcd.g/w7xww2', '钱政', NULL, 'user14@cargovision.com', '13196807936', 1, NULL, NULL, 0, '2025-12-03 15:23:34', '2025-12-03 15:23:34', NULL, NULL);
INSERT INTO `sys_users` (`id`, `username`, `password`, `name`, `avatar`, `email`, `phone`, `status`, `last_login_time`, `last_login_ip`, `is_deleted`, `created_at`, `updated_at`, `id_card`, `last_password_reset_time`) VALUES (16, 'user15', '$2a$10$N.zmdr9k7uOCQb376NoUnuTJ8iAt6Z5EHsM8lE9lBOcd.g/w7xww2', '裘固元', NULL, 'user15@cargovision.com', '19460000997', 1, NULL, NULL, 0, '2025-12-03 15:23:34', '2025-12-03 15:23:34', NULL, NULL);
INSERT INTO `sys_users` (`id`, `username`, `password`, `name`, `avatar`, `email`, `phone`, `status`, `last_login_time`, `last_login_ip`, `is_deleted`, `created_at`, `updated_at`, `id_card`, `last_password_reset_time`) VALUES (17, 'user16', '$2a$10$N.zmdr9k7uOCQb376NoUnuTJ8iAt6Z5EHsM8lE9lBOcd.g/w7xww2', '岑辉', NULL, 'user16@cargovision.com', '13845241405', 1, NULL, NULL, 0, '2025-12-03 15:23:34', '2025-12-03 15:23:34', NULL, NULL);
INSERT INTO `sys_users` (`id`, `username`, `password`, `name`, `avatar`, `email`, `phone`, `status`, `last_login_time`, `last_login_ip`, `is_deleted`, `created_at`, `updated_at`, `id_card`, `last_password_reset_time`) VALUES (18, 'user17', '$2a$10$N.zmdr9k7uOCQb376NoUnuTJ8iAt6Z5EHsM8lE9lBOcd.g/w7xww2', '唐厚林', NULL, 'user17@cargovision.com', '13356286482', 1, NULL, NULL, 0, '2025-12-03 15:23:34', '2025-12-03 15:23:34', NULL, NULL);
INSERT INTO `sys_users` (`id`, `username`, `password`, `name`, `avatar`, `email`, `phone`, `status`, `last_login_time`, `last_login_ip`, `is_deleted`, `created_at`, `updated_at`, `id_card`, `last_password_reset_time`) VALUES (19, 'user18', '$2a$10$N.zmdr9k7uOCQb376NoUnuTJ8iAt6Z5EHsM8lE9lBOcd.g/w7xww2', '冯浩', NULL, 'user18@cargovision.com', '18758745794', 1, NULL, NULL, 0, '2025-12-03 15:23:34', '2025-12-03 15:23:34', NULL, NULL);
INSERT INTO `sys_users` (`id`, `username`, `password`, `name`, `avatar`, `email`, `phone`, `status`, `last_login_time`, `last_login_ip`, `is_deleted`, `created_at`, `updated_at`, `id_card`, `last_password_reset_time`) VALUES (20, 'user19', '$2a$10$N.zmdr9k7uOCQb376NoUnuTJ8iAt6Z5EHsM8lE9lBOcd.g/w7xww2', '项保', NULL, 'user19@cargovision.com', '16848480809', 1, NULL, NULL, 0, '2025-12-03 15:23:34', '2025-12-03 15:23:34', NULL, NULL);
INSERT INTO `sys_users` (`id`, `username`, `password`, `name`, `avatar`, `email`, `phone`, `status`, `last_login_time`, `last_login_ip`, `is_deleted`, `created_at`, `updated_at`, `id_card`, `last_password_reset_time`) VALUES (21, 'user20', '$2a$10$N.zmdr9k7uOCQb376NoUnuTJ8iAt6Z5EHsM8lE9lBOcd.g/w7xww2', '杭以', NULL, 'user20@cargovision.com', '16203115028', 1, NULL, NULL, 0, '2025-12-03 15:23:34', '2025-12-03 15:23:34', NULL, NULL);
INSERT INTO `sys_users` (`id`, `username`, `password`, `name`, `avatar`, `email`, `phone`, `status`, `last_login_time`, `last_login_ip`, `is_deleted`, `created_at`, `updated_at`, `id_card`, `last_password_reset_time`) VALUES (22, 'user21', '$2a$10$N.zmdr9k7uOCQb376NoUnuTJ8iAt6Z5EHsM8lE9lBOcd.g/w7xww2', '谈飞群', NULL, 'user21@cargovision.com', '15187764096', 1, NULL, NULL, 0, '2025-12-03 15:23:34', '2025-12-03 15:23:34', NULL, NULL);
INSERT INTO `sys_users` (`id`, `username`, `password`, `name`, `avatar`, `email`, `phone`, `status`, `last_login_time`, `last_login_ip`, `is_deleted`, `created_at`, `updated_at`, `id_card`, `last_password_reset_time`) VALUES (23, 'user22', '$2a$10$N.zmdr9k7uOCQb376NoUnuTJ8iAt6Z5EHsM8lE9lBOcd.g/w7xww2', '王翰', NULL, 'user22@cargovision.com', '15067792675', 1, NULL, NULL, 0, '2025-12-03 15:23:34', '2025-12-03 15:23:34', NULL, NULL);
INSERT INTO `sys_users` (`id`, `username`, `password`, `name`, `avatar`, `email`, `phone`, `status`, `last_login_time`, `last_login_ip`, `is_deleted`, `created_at`, `updated_at`, `id_card`, `last_password_reset_time`) VALUES (24, 'user23', '$2a$10$N.zmdr9k7uOCQb376NoUnuTJ8iAt6Z5EHsM8lE9lBOcd.g/w7xww2', '贺栋', NULL, 'user23@cargovision.com', '15303593485', 1, NULL, NULL, 0, '2025-12-03 15:23:34', '2025-12-03 15:23:34', NULL, NULL);
INSERT INTO `sys_users` (`id`, `username`, `password`, `name`, `avatar`, `email`, `phone`, `status`, `last_login_time`, `last_login_ip`, `is_deleted`, `created_at`, `updated_at`, `id_card`, `last_password_reset_time`) VALUES (25, 'user24', '$2a$10$N.zmdr9k7uOCQb376NoUnuTJ8iAt6Z5EHsM8lE9lBOcd.g/w7xww2', '何全', NULL, 'user24@cargovision.com', '17785164653', 1, NULL, NULL, 0, '2025-12-03 15:23:34', '2025-12-03 15:23:34', NULL, NULL);
INSERT INTO `sys_users` (`id`, `username`, `password`, `name`, `avatar`, `email`, `phone`, `status`, `last_login_time`, `last_login_ip`, `is_deleted`, `created_at`, `updated_at`, `id_card`, `last_password_reset_time`) VALUES (26, 'user25', '$2a$10$N.zmdr9k7uOCQb376NoUnuTJ8iAt6Z5EHsM8lE9lBOcd.g/w7xww2', '杨彬斌', NULL, 'user25@cargovision.com', '18711534531', 1, NULL, NULL, 0, '2025-12-03 15:23:34', '2025-12-03 15:23:34', NULL, NULL);
INSERT INTO `sys_users` (`id`, `username`, `password`, `name`, `avatar`, `email`, `phone`, `status`, `last_login_time`, `last_login_ip`, `is_deleted`, `created_at`, `updated_at`, `id_card`, `last_password_reset_time`) VALUES (27, 'user26', '$2a$10$N.zmdr9k7uOCQb376NoUnuTJ8iAt6Z5EHsM8lE9lBOcd.g/w7xww2', '方钧', NULL, 'user26@cargovision.com', '18605370546', 1, NULL, NULL, 0, '2025-12-03 15:23:34', '2025-12-03 15:23:34', NULL, NULL);
INSERT INTO `sys_users` (`id`, `username`, `password`, `name`, `avatar`, `email`, `phone`, `status`, `last_login_time`, `last_login_ip`, `is_deleted`, `created_at`, `updated_at`, `id_card`, `last_password_reset_time`) VALUES (28, 'user27', '$2a$10$N.zmdr9k7uOCQb376NoUnuTJ8iAt6Z5EHsM8lE9lBOcd.g/w7xww2', '花乐', NULL, 'user27@cargovision.com', '19772685845', 1, NULL, NULL, 0, '2025-12-03 15:23:34', '2025-12-03 15:23:34', NULL, NULL);
INSERT INTO `sys_users` (`id`, `username`, `password`, `name`, `avatar`, `email`, `phone`, `status`, `last_login_time`, `last_login_ip`, `is_deleted`, `created_at`, `updated_at`, `id_card`, `last_password_reset_time`) VALUES (29, 'user28', '$2a$10$N.zmdr9k7uOCQb376NoUnuTJ8iAt6Z5EHsM8lE9lBOcd.g/w7xww2', '洪元', NULL, 'user28@cargovision.com', '19847560270', 1, NULL, NULL, 0, '2025-12-03 15:23:34', '2025-12-03 15:23:34', NULL, NULL);
INSERT INTO `sys_users` (`id`, `username`, `password`, `name`, `avatar`, `email`, `phone`, `status`, `last_login_time`, `last_login_ip`, `is_deleted`, `created_at`, `updated_at`, `id_card`, `last_password_reset_time`) VALUES (30, 'user29', '$2a$10$N.zmdr9k7uOCQb376NoUnuTJ8iAt6Z5EHsM8lE9lBOcd.g/w7xww2', '昝宁震', NULL, 'user29@cargovision.com', '15096396517', 1, NULL, NULL, 0, '2025-12-03 15:23:34', '2025-12-03 15:23:34', NULL, NULL);
INSERT INTO `sys_users` (`id`, `username`, `password`, `name`, `avatar`, `email`, `phone`, `status`, `last_login_time`, `last_login_ip`, `is_deleted`, `created_at`, `updated_at`, `id_card`, `last_password_reset_time`) VALUES (31, 'user30', '$2a$10$N.zmdr9k7uOCQb376NoUnuTJ8iAt6Z5EHsM8lE9lBOcd.g/w7xww2', '时致', NULL, 'user30@cargovision.com', '19909747395', 1, NULL, NULL, 0, '2025-12-03 15:23:34', '2025-12-03 15:23:34', NULL, NULL);
INSERT INTO `sys_users` (`id`, `username`, `password`, `name`, `avatar`, `email`, `phone`, `status`, `last_login_time`, `last_login_ip`, `is_deleted`, `created_at`, `updated_at`, `id_card`, `last_password_reset_time`) VALUES (32, 'user31', '$2a$10$N.zmdr9k7uOCQb376NoUnuTJ8iAt6Z5EHsM8lE9lBOcd.g/w7xww2', '卢军生', NULL, 'user31@cargovision.com', '19179243860', 1, NULL, NULL, 0, '2025-12-03 15:23:34', '2025-12-03 15:23:34', NULL, NULL);
INSERT INTO `sys_users` (`id`, `username`, `password`, `name`, `avatar`, `email`, `phone`, `status`, `last_login_time`, `last_login_ip`, `is_deleted`, `created_at`, `updated_at`, `id_card`, `last_password_reset_time`) VALUES (33, 'user32', '$2a$10$N.zmdr9k7uOCQb376NoUnuTJ8iAt6Z5EHsM8lE9lBOcd.g/w7xww2', '常志', NULL, 'user32@cargovision.com', '19414925568', 1, NULL, NULL, 0, '2025-12-03 15:23:34', '2025-12-03 15:23:34', NULL, NULL);
INSERT INTO `sys_users` (`id`, `username`, `password`, `name`, `avatar`, `email`, `phone`, `status`, `last_login_time`, `last_login_ip`, `is_deleted`, `created_at`, `updated_at`, `id_card`, `last_password_reset_time`) VALUES (34, 'user33', '$2a$10$N.zmdr9k7uOCQb376NoUnuTJ8iAt6Z5EHsM8lE9lBOcd.g/w7xww2', '茅生', NULL, 'user33@cargovision.com', '15629382106', 1, NULL, NULL, 0, '2025-12-03 15:23:34', '2025-12-03 15:23:34', NULL, NULL);
INSERT INTO `sys_users` (`id`, `username`, `password`, `name`, `avatar`, `email`, `phone`, `status`, `last_login_time`, `last_login_ip`, `is_deleted`, `created_at`, `updated_at`, `id_card`, `last_password_reset_time`) VALUES (35, 'user34', '$2a$10$N.zmdr9k7uOCQb376NoUnuTJ8iAt6Z5EHsM8lE9lBOcd.g/w7xww2', '于友山', NULL, 'user34@cargovision.com', '16066365105', 1, NULL, NULL, 0, '2025-12-03 15:23:34', '2025-12-03 15:23:34', NULL, NULL);
INSERT INTO `sys_users` (`id`, `username`, `password`, `name`, `avatar`, `email`, `phone`, `status`, `last_login_time`, `last_login_ip`, `is_deleted`, `created_at`, `updated_at`, `id_card`, `last_password_reset_time`) VALUES (36, 'user35', '$2a$10$N.zmdr9k7uOCQb376NoUnuTJ8iAt6Z5EHsM8lE9lBOcd.g/w7xww2', '罗永', NULL, 'user35@cargovision.com', '17391384981', 1, NULL, NULL, 0, '2025-12-03 15:23:34', '2025-12-03 15:23:34', NULL, NULL);
INSERT INTO `sys_users` (`id`, `username`, `password`, `name`, `avatar`, `email`, `phone`, `status`, `last_login_time`, `last_login_ip`, `is_deleted`, `created_at`, `updated_at`, `id_card`, `last_password_reset_time`) VALUES (37, 'user36', '$2a$10$N.zmdr9k7uOCQb376NoUnuTJ8iAt6Z5EHsM8lE9lBOcd.g/w7xww2', '赵壮', NULL, 'user36@cargovision.com', '16304588339', 1, NULL, NULL, 0, '2025-12-03 15:23:34', '2025-12-03 15:23:34', NULL, NULL);
INSERT INTO `sys_users` (`id`, `username`, `password`, `name`, `avatar`, `email`, `phone`, `status`, `last_login_time`, `last_login_ip`, `is_deleted`, `created_at`, `updated_at`, `id_card`, `last_password_reset_time`) VALUES (38, 'user37', '$2a$10$N.zmdr9k7uOCQb376NoUnuTJ8iAt6Z5EHsM8lE9lBOcd.g/w7xww2', '魏健', NULL, 'user37@cargovision.com', '19756073951', 1, NULL, NULL, 0, '2025-12-03 15:23:34', '2025-12-03 15:23:34', NULL, NULL);
INSERT INTO `sys_users` (`id`, `username`, `password`, `name`, `avatar`, `email`, `phone`, `status`, `last_login_time`, `last_login_ip`, `is_deleted`, `created_at`, `updated_at`, `id_card`, `last_password_reset_time`) VALUES (39, 'user38', '$2a$10$N.zmdr9k7uOCQb376NoUnuTJ8iAt6Z5EHsM8lE9lBOcd.g/w7xww2', '金伦', NULL, 'user38@cargovision.com', '18978795301', 1, NULL, NULL, 0, '2025-12-03 15:23:34', '2025-12-03 15:23:34', NULL, NULL);
INSERT INTO `sys_users` (`id`, `username`, `password`, `name`, `avatar`, `email`, `phone`, `status`, `last_login_time`, `last_login_ip`, `is_deleted`, `created_at`, `updated_at`, `id_card`, `last_password_reset_time`) VALUES (40, 'user39', '$2a$10$N.zmdr9k7uOCQb376NoUnuTJ8iAt6Z5EHsM8lE9lBOcd.g/w7xww2', '孔友', NULL, 'user39@cargovision.com', '13154286972', 1, NULL, NULL, 0, '2025-12-03 15:23:34', '2025-12-03 15:23:34', NULL, NULL);
INSERT INTO `sys_users` (`id`, `username`, `password`, `name`, `avatar`, `email`, `phone`, `status`, `last_login_time`, `last_login_ip`, `is_deleted`, `created_at`, `updated_at`, `id_card`, `last_password_reset_time`) VALUES (41, 'user40', '$2a$10$N.zmdr9k7uOCQb376NoUnuTJ8iAt6Z5EHsM8lE9lBOcd.g/w7xww2', '喻弘', NULL, 'user40@cargovision.com', '15535616842', 1, NULL, NULL, 0, '2025-12-03 15:23:34', '2025-12-03 15:23:34', NULL, NULL);
INSERT INTO `sys_users` (`id`, `username`, `password`, `name`, `avatar`, `email`, `phone`, `status`, `last_login_time`, `last_login_ip`, `is_deleted`, `created_at`, `updated_at`, `id_card`, `last_password_reset_time`) VALUES (42, 'user41', '$2a$10$N.zmdr9k7uOCQb376NoUnuTJ8iAt6Z5EHsM8lE9lBOcd.g/w7xww2', '骆刚以', NULL, 'user41@cargovision.com', '17932393561', 1, NULL, NULL, 0, '2025-12-03 15:23:34', '2025-12-03 15:23:34', NULL, NULL);
INSERT INTO `sys_users` (`id`, `username`, `password`, `name`, `avatar`, `email`, `phone`, `status`, `last_login_time`, `last_login_ip`, `is_deleted`, `created_at`, `updated_at`, `id_card`, `last_password_reset_time`) VALUES (43, 'user42', '$2a$10$N.zmdr9k7uOCQb376NoUnuTJ8iAt6Z5EHsM8lE9lBOcd.g/w7xww2', '施兴', NULL, 'user42@cargovision.com', '18442952891', 1, NULL, NULL, 0, '2025-12-03 15:23:34', '2025-12-03 15:23:34', NULL, NULL);
INSERT INTO `sys_users` (`id`, `username`, `password`, `name`, `avatar`, `email`, `phone`, `status`, `last_login_time`, `last_login_ip`, `is_deleted`, `created_at`, `updated_at`, `id_card`, `last_password_reset_time`) VALUES (44, 'user43', '$2a$10$N.zmdr9k7uOCQb376NoUnuTJ8iAt6Z5EHsM8lE9lBOcd.g/w7xww2', '田元晨', NULL, 'user43@cargovision.com', '15524925556', 1, NULL, NULL, 0, '2025-12-03 15:23:34', '2025-12-03 15:23:34', NULL, NULL);
INSERT INTO `sys_users` (`id`, `username`, `password`, `name`, `avatar`, `email`, `phone`, `status`, `last_login_time`, `last_login_ip`, `is_deleted`, `created_at`, `updated_at`, `id_card`, `last_password_reset_time`) VALUES (45, 'user44', '$2a$10$N.zmdr9k7uOCQb376NoUnuTJ8iAt6Z5EHsM8lE9lBOcd.g/w7xww2', '胡健有', NULL, 'user44@cargovision.com', '17099670227', 1, NULL, NULL, 0, '2025-12-03 15:23:34', '2025-12-03 15:23:34', NULL, NULL);
INSERT INTO `sys_users` (`id`, `username`, `password`, `name`, `avatar`, `email`, `phone`, `status`, `last_login_time`, `last_login_ip`, `is_deleted`, `created_at`, `updated_at`, `id_card`, `last_password_reset_time`) VALUES (46, 'user45', '$2a$10$N.zmdr9k7uOCQb376NoUnuTJ8iAt6Z5EHsM8lE9lBOcd.g/w7xww2', '俞刚健', NULL, 'user45@cargovision.com', '18218737106', 1, NULL, NULL, 0, '2025-12-03 15:23:34', '2025-12-03 15:23:34', NULL, NULL);
INSERT INTO `sys_users` (`id`, `username`, `password`, `name`, `avatar`, `email`, `phone`, `status`, `last_login_time`, `last_login_ip`, `is_deleted`, `created_at`, `updated_at`, `id_card`, `last_password_reset_time`) VALUES (47, 'user46', '$2a$10$N.zmdr9k7uOCQb376NoUnuTJ8iAt6Z5EHsM8lE9lBOcd.g/w7xww2', '韩海', NULL, 'user46@cargovision.com', '13136965691', 1, NULL, NULL, 0, '2025-12-03 15:23:34', '2025-12-03 15:23:34', NULL, NULL);
INSERT INTO `sys_users` (`id`, `username`, `password`, `name`, `avatar`, `email`, `phone`, `status`, `last_login_time`, `last_login_ip`, `is_deleted`, `created_at`, `updated_at`, `id_card`, `last_password_reset_time`) VALUES (48, 'user47', '$2a$10$N.zmdr9k7uOCQb376NoUnuTJ8iAt6Z5EHsM8lE9lBOcd.g/w7xww2', '朱广', NULL, 'user47@cargovision.com', '19731101267', 1, NULL, NULL, 0, '2025-12-03 15:23:34', '2025-12-03 15:23:34', NULL, NULL);
INSERT INTO `sys_users` (`id`, `username`, `password`, `name`, `avatar`, `email`, `phone`, `status`, `last_login_time`, `last_login_ip`, `is_deleted`, `created_at`, `updated_at`, `id_card`, `last_password_reset_time`) VALUES (49, 'user48', '$2a$10$N.zmdr9k7uOCQb376NoUnuTJ8iAt6Z5EHsM8lE9lBOcd.g/w7xww2', '孟学伯', NULL, 'user48@cargovision.com', '17420708215', 1, NULL, NULL, 0, '2025-12-03 15:23:34', '2025-12-03 15:23:34', NULL, NULL);
INSERT INTO `sys_users` (`id`, `username`, `password`, `name`, `avatar`, `email`, `phone`, `status`, `last_login_time`, `last_login_ip`, `is_deleted`, `created_at`, `updated_at`, `id_card`, `last_password_reset_time`) VALUES (50, 'user49', '$2a$10$N.zmdr9k7uOCQb376NoUnuTJ8iAt6Z5EHsM8lE9lBOcd.g/w7xww2', '廉林义', NULL, 'user49@cargovision.com', '19065275602', 1, NULL, NULL, 0, '2025-12-03 15:23:34', '2025-12-03 15:23:34', NULL, NULL);
INSERT INTO `sys_users` (`id`, `username`, `password`, `name`, `avatar`, `email`, `phone`, `status`, `last_login_time`, `last_login_ip`, `is_deleted`, `created_at`, `updated_at`, `id_card`, `last_password_reset_time`) VALUES (51, 'fff', '$2a$10$FQ/osh9g7Y7Mv/66ovDi4uMOD1S.UqHvmDJn.s3H8NYnKTdryZxGS', '李翔', 'http://localhost:8080/uploads/7bacb14d-4d94-452b-af7e-63bf354a6066.png', '1286259340@qq.bom', '17866554433', 1, NULL, NULL, 0, '2025-12-05 02:07:17', '2025-12-13 17:31:23', NULL, '2025-12-09 00:22:20');
INSERT INTO `sys_users` (`id`, `username`, `password`, `name`, `avatar`, `email`, `phone`, `status`, `last_login_time`, `last_login_ip`, `is_deleted`, `created_at`, `updated_at`, `id_card`, `last_password_reset_time`) VALUES (52, 'item', '$2a$10$MNjpXfs.CTelWNh/HdKf5.H56W1tl6KFG6IRVPOm7r/5SBOE/8a/q', ' 李', NULL, '1288@qq.com', '16656564354', 1, NULL, NULL, 1, '2025-12-06 02:43:52', '2025-12-08 20:17:47', NULL, NULL);
INSERT INTO `sys_users` (`id`, `username`, `password`, `name`, `avatar`, `email`, `phone`, `status`, `last_login_time`, `last_login_ip`, `is_deleted`, `created_at`, `updated_at`, `id_card`, `last_password_reset_time`) VALUES (53, 'ffff', '$2a$10$1OQuN2.AZK66r25yG0G.EuVhshd19ZmugQyM1nCVepCYNl/ofnJuO', 'fff', NULL, 'fff@qq.com', '18877665544', 1, NULL, NULL, 1, '2025-12-06 02:55:16', '2025-12-08 20:17:45', NULL, NULL);
INSERT INTO `sys_users` (`id`, `username`, `password`, `name`, `avatar`, `email`, `phone`, `status`, `last_login_time`, `last_login_ip`, `is_deleted`, `created_at`, `updated_at`, `id_card`, `last_password_reset_time`) VALUES (54, '2222', '$2a$10$rfT.S2A9GRbbIjmCXv/DheYUVLugcN01gSWakcNnZClv8.3xvaSD.', '2222', '', '22222com@QQ.com', '17889897678', 1, NULL, NULL, 1, '2025-12-07 05:24:28', '2025-12-07 06:06:56', NULL, NULL);
INSERT INTO `sys_users` (`id`, `username`, `password`, `name`, `avatar`, `email`, `phone`, `status`, `last_login_time`, `last_login_ip`, `is_deleted`, `created_at`, `updated_at`, `id_card`, `last_password_reset_time`) VALUES (55, '1111', '$2a$10$BFJJNsTA4cH5HSb.Q2dNc.fRf8l86t8vyoL0.USTIj1/epBv0U7i2', '111', '', '111@qq.com', '13555432121', 1, NULL, NULL, 1, '2025-12-07 05:56:56', '2025-12-07 06:07:20', NULL, NULL);
INSERT INTO `sys_users` (`id`, `username`, `password`, `name`, `avatar`, `email`, `phone`, `status`, `last_login_time`, `last_login_ip`, `is_deleted`, `created_at`, `updated_at`, `id_card`, `last_password_reset_time`) VALUES (56, '11111', '$2a$10$6ct9Q9Pfg3SBcK7IWif3x.aLu.ixUCmFtGTO8iA4wTj77VGpmfwI6', '111', '', '111@qq.com', '13322221111', 1, NULL, NULL, 1, '2025-12-07 06:02:25', '2025-12-07 06:07:22', NULL, NULL);
INSERT INTO `sys_users` (`id`, `username`, `password`, `name`, `avatar`, `email`, `phone`, `status`, `last_login_time`, `last_login_ip`, `is_deleted`, `created_at`, `updated_at`, `id_card`, `last_password_reset_time`) VALUES (60, 'flyli', '$2a$10$EsF2nk7R8wU6lJfd5KLW8uXLK4KQNRtlpLgpfUDJcaQ1RczbdKDF2', '李翔（仓库）', 'http://localhost:8080/uploads/07e430a3-12f9-4fca-bc80-295712737ef3.png', '123456@qq.com', '16766554433', 1, NULL, NULL, 0, '2025-12-08 14:57:01', '2025-12-13 17:31:19', NULL, '2025-12-08 22:34:05');
INSERT INTO `sys_users` (`id`, `username`, `password`, `name`, `avatar`, `email`, `phone`, `status`, `last_login_time`, `last_login_ip`, `is_deleted`, `created_at`, `updated_at`, `id_card`, `last_password_reset_time`) VALUES (61, 'lijiajia', '$2a$10$TnTLsjvX3c6ZfxnllEQRku6MQy3xl30IN5y7rGAhDEmODNP/t6u42', '李佳佳', 'http://localhost:8080/uploads/227d18b8-82d7-46b3-829a-d1bee8bcbf6c.png', 'lijiajia@qq.cp', '15664103413', 1, NULL, NULL, 0, '2025-12-08 21:01:06', '2025-12-09 00:22:17', NULL, '2025-12-09 00:22:17');
INSERT INTO `sys_users` (`id`, `username`, `password`, `name`, `avatar`, `email`, `phone`, `status`, `last_login_time`, `last_login_ip`, `is_deleted`, `created_at`, `updated_at`, `id_card`, `last_password_reset_time`) VALUES (62, 'lijie', '$2a$10$sw/ox0IygUg1yhShsgU.KOfFpF2ev5gtI4k11D8fcsrCWhlgEaQ4y', '李杰', 'http://localhost:8080/uploads/6310fabf-12ad-4f68-a158-155f3b0d2df6.png', '2222@qq.com', '17890009889', 1, NULL, NULL, 0, '2025-12-08 21:08:35', '2025-12-09 00:22:15', NULL, '2025-12-09 00:22:15');
INSERT INTO `sys_users` (`id`, `username`, `password`, `name`, `avatar`, `email`, `phone`, `status`, `last_login_time`, `last_login_ip`, `is_deleted`, `created_at`, `updated_at`, `id_card`, `last_password_reset_time`) VALUES (63, 'wangwu', '$2a$10$moMnfGtSVPx3acHehAulgOlXBnyf5eK8baDwiVEyEauZ/LLpbrW.W', '王五', 'http://localhost:8080/uploads/8381c54d-5877-443b-ad0f-c7a77d040210.png', 'wangwu@example.com', '13864565544', 1, NULL, NULL, 0, '2025-12-08 21:56:53', '2025-12-09 02:18:52', '410221200010103321', '2025-12-09 01:59:48');
INSERT INTO `sys_users` (`id`, `username`, `password`, `name`, `avatar`, `email`, `phone`, `status`, `last_login_time`, `last_login_ip`, `is_deleted`, `created_at`, `updated_at`, `id_card`, `last_password_reset_time`) VALUES (64, 'zhaoliu', '$2a$10$DcygfYz.cwUrW3VUZXg9ru7WcfuBgWHczU4/7ONRJfUybIVL32BGS', '赵六', '', 'zhaoliu@example.com', '13800138004', 1, NULL, NULL, 0, '2025-12-08 21:56:53', '2025-12-08 22:33:58', '110101199206060004', '2025-12-08 22:33:58');
INSERT INTO `sys_users` (`id`, `username`, `password`, `name`, `avatar`, `email`, `phone`, `status`, `last_login_time`, `last_login_ip`, `is_deleted`, `created_at`, `updated_at`, `id_card`, `last_password_reset_time`) VALUES (65, '捷德奥特曼', '$2a$10$aJqj..4/llxMXHQPGgdyHO4zuPGcEugaw2GWPdNHqdS0K3gewtQce', '捷德', 'http://localhost:8080/uploads/21b05e62-8917-4362-88e1-41fae3ed5cff.png', 'jiede@qq.com', '17633332211', 1, NULL, NULL, 1, '2025-12-08 22:52:46', '2025-12-08 23:11:51', NULL, NULL);
INSERT INTO `sys_users` (`id`, `username`, `password`, `name`, `avatar`, `email`, `phone`, `status`, `last_login_time`, `last_login_ip`, `is_deleted`, `created_at`, `updated_at`, `id_card`, `last_password_reset_time`) VALUES (66, '捷德', '$2a$10$WoBD6dPSQbBjKeYNtZH6pOjMdzvfYufTNsPXsUkFdJFLyEHKKrMyS', '捷德', '', '123@qqc.com', '17866554433', 1, NULL, NULL, 1, '2025-12-08 22:54:15', '2025-12-08 23:00:06', NULL, NULL);
INSERT INTO `sys_users` (`id`, `username`, `password`, `name`, `avatar`, `email`, `phone`, `status`, `last_login_time`, `last_login_ip`, `is_deleted`, `created_at`, `updated_at`, `id_card`, `last_password_reset_time`) VALUES (69, '捷德奥特曼1', '$2a$10$AfwLJtJtbjv43J5utMS6u.HSaDgpN2eDxrKreJdn0DD2tNdLQsA1.', '李翔', 'http://localhost:8080/uploads/3be8bd68-138c-4575-8776-fa76924dcdae.png', '1286259340@qq.com', '17888886653', 1, NULL, NULL, 0, '2025-12-09 00:01:36', '2025-12-13 17:31:31', '210221200010103413', '2025-12-09 01:16:10');
COMMIT;

SET FOREIGN_KEY_CHECKS = 1;
